,title,date,keywords,section
0,在劳动中书写巾帼华章,2017-05-01,"劳动,文化,中国航天科技集团公司",4  
1,“巾帼建功”活动将不断深入,1994-10-07,"“巾帼建功”,妇女,就业",3  
2,巾帼创业谱新篇（每月聚焦）,1997-12-15,"下岗女工,再就业,创业",11  
3,扎实推进“巾帼建功”活动 促进妇女创业就业建功成才,2009-02-19,"妇女,“巾帼建功”,就业",3  
4,三总部举行巾帼建功事迹报告会,1991-03-08,"事迹报告会,三总部,解放军总参谋部",4  
5,心系下岗职工 默默倾情奉献（巾帼风采）,2003-02-13,"下岗职工,就业,劳动保障局服务队",16  
6,巾帼扶贫加大攻坚力度,1998-01-10,"济困,巾帼扶贫,妇女",7  
7,亮丽“半边天”,1997-01-23,"女工,“巾帼建功示范岗”,就业",3  
8,《中华巾帼大典》序,1998-10-14,"《中华巾帼大典》,妇女,社会主义",12  
9,再就业闯出新天地（记者调查）,1999-08-26,"巾帼家政服务中心,女工,巾帼缝纫编织服务队",10  
10,巾帼创业行动 扶持！,2009-10-12,"巾帼创业,创业行动,妇女",5  
11,表彰全国巾帼文明岗巾帼建功标兵优秀女法官,2009-03-03,"模范,巾帼文明岗,表彰",4  
12,绿茵巾帼,1993-10-08,绿茵巾帼,11  
13,安置下岗女工 开展社区服务,1999-11-16,"下岗女工,社区,社区服务",3  
14,巾帼文明地税花,2001-03-24,"文化,巾帼文明,“巾帼建功”",7  
15,“巾帼状元”争贡献,1992-03-08,"“巾帼状元”,半边天,坚持",3  
16,青岛　有支巾帼文明队,2002-09-08,"巾帼文明队,妇女,文化",7  
17,巾帼建功 十年辉煌,2001-03-24,"妇女,“巾帼建功”,就业",7  
18,扶贫攻坚　尽显巾帼豪气（巾帼扶贫行动）,1999-03-11,"济困,扶贫攻坚,妇女",12  
19,巾帼主题志愿服务活动启动,2015-12-06,"志愿服务活动,巾帼主题志愿,志愿者",4  
20,全国妇联启动巾帼志愿服务,2011-01-18,"“巾帼志愿服务胸卡”,“爱心妈妈”,“巾帼志愿服务”",13  
21,城镇妇女“巾帼建功”成效明显,1999-01-27,"“巾帼建功”,城镇妇女,成果",3  
22,《中华巾帼大典》问世,1998-10-14,"《中华巾帼大典》,中国经济出版社,妇女",12  
23,《巾帼悲歌》在京首映,1991-01-27,"《巾帼悲歌》,《李自成》,“慧梅之死”",4  
24,巾帼志愿者在行动,2001-07-25,"巾帼志愿者,妇女,志愿者队伍",12  
25,历史塑造了她们（品书札记）,1987-03-07,"历史,战士,创新",8  
26,《巾帼悲歌》观后,1991-03-21,"《巾帼悲歌》,观后,思想",5  
27,创业创新巾帼行动开展,2015-06-17,"创新巾帼行动,创业创新,妇女",6  
28,“巾帼英雄”的传说（小资料）,1998-05-09,"“巾帼英雄”,公文,花木兰",7  
29,绿茵巾帼赛男儿,1994-02-25,"绿茵巾帼赛,巾帼赛男儿",11  
30,中国妇女运动的记载,1997-08-18,"妇女工作,“巾帼园”,《人民日报》",11  
31,推动巾帼家政健康发展,2014-03-28,"巾帼家政,家政健康发展,家政服务",6  
32,巾帼志愿者 爱心暖周边,2015-12-05,"巾帼志愿者,社区,妇女",7  
33,“百千万巾帼大宣讲”活动启动,2017-11-28,"“百千万巾帼大宣讲”,妇女,代表",9  
34,青岛妇联巾帼联户活动促社会和谐,2008-03-09,"巾帼联户,社区,妇女",9  
35,全国“巾帼扶贫行动”硕果累累,1997-05-09,"“巾帼扶贫行动”,国务院妇女儿童工作委员会,济困",3  
36,“巾帼建功”活动成为吸引妇女的有效载体,2003-12-24,"“巾帼建功”,城镇妇女,“巾帼社区服务工程”",2  
37,城镇“巾帼建功”活动开创新局面,1998-01-23,"“巾帼建功”,会议,领导小组",3  
38,浦东新区建巾帼大厦,1993-04-26,"大楼,巾帼大厦,人民币",1  
39,插上建功立业的翅膀,2000-03-07,"妇女,“巾帼建功”,建功立业",11  
40,巾帼志愿者　涓涓暖流汇和谐,2011-11-17,"巾帼志愿者协会,资源,母亲",6  
41,培训贫困妇女 撬动致富杠杆,2018-01-16,"妇女,培训,创业",11  
42,纺织系统表彰“巾帼建功”标兵,1992-03-07,"模范,“巾帼建功”,表彰",2  
43,武汉巾帼家政服务信息化,2000-01-12,"家政服务,巾帼家政,武汉巾帼",3  
44,全总首次颁发“全国五一巾帼奖”,2005-02-25,"“全国五一巾帼奖”,辽宁省沈阳鼓风机有限公司,颁布",4  
45,全总表彰全国五一巾帼奖获得者,2013-03-07,"五一巾帼,表彰,获得者",17  
46,全国妇联倡议“争做巾帼好网民”,2017-05-06,"“争做巾帼好网民”,倡议,网络",6  
47,“巾帼再就业资金”在辽宁,2003-02-13,"“巾帼再就业资金”,下岗失业妇女,妇女",16  
48,建功立业　不让须眉分寸（巾帼助困行动）,1999-03-11,"“巾帼建功”,就业,杯赛",12  
49,提高妇女素质 促进劳动就业,2002-01-19,"妇女,就业,劳动",4  
50,巾帼创业谱新篇,2003-08-24,"创业,妇女,就业",6  
51,巾帼也有拔山之力,1986-11-19,"比赛,第一名,女子举重队",3  
52,城镇妇女“巾帼建功”活动蓬勃兴起,1992-01-17,"“巾帼建功”,城镇妇女,经验交流会",3  
53,妇联开展乡村振兴巾帼行动,2018-02-13,"乡村振兴,振兴巾帼行动,农村",10  
54,送法到基层（贯彻实施《中国妇女发展纲要》《中国儿童发展纲要》）,2004-04-21,"“巾帼司法顾问团”,《中国儿童发展纲要》,《中国妇女发展纲要》",10  
55,“百个巾帼好网民故事”揭晓,2018-02-10,"网民,故事,中央网信办网络社会工作局",6  
56,巾帼文明示范岗,2001-10-17,"文明示范岗,巾帼文明,文化",10  
57,《巾帼风采》图片展在京举行,1995-09-16,"《巾帼风采》,图片展,全国工商联女企业家联谊会",2  
58,“巾帼示范村”创建点全覆盖,2008-02-23,"“巾帼示范村”,妇女工作,农村",7  
59,带着诚信上门 服务用户上心,2017-01-03,"妇女,家政服务有限公司,巾帼家政服务联盟",9  
60,巾帼（红色家园）,2016-10-03,"张琴秋,红军,夫妇",8  
61,《绿苑巾帼》出版,1995-08-25,"《绿苑巾帼》,出版,首发式",5  
62,上海一批妇女荣获“巾帼奖”,1986-03-08,"“巾帼奖”,妇女,创新",4  
63,剥去“巾帼英雄”的画皮,1969-01-25,"“巾帼英雄”,许凤之,剥去",4  
64,巾帼不让须眉,2017-03-08,"首席科学家,“决心”,乔安·斯道克",3  
65,为打赢脱贫攻坚战贡献巾帼力量,2016-10-16,"脱贫攻坚,贫困妇女,全国妇联党组",11  
66,全国化工系统举行巾帼建功表彰会,1992-03-06,"化工系统,全国化工,表彰会",3  
67,李岚清会见“巾帼建功”报告团成员,1994-03-09,"“巾帼建功”,报告团,社会主义市场经济",4  
68,『恒安杯·巾帼风采』散文征文启事,1995-04-04,"散文征文,巾帼风采,恒安杯",12  
69,巾帼志愿者十大暖心故事揭晓,2018-06-14,"故事,巾帼志愿者,志愿者暖心",11  
70,帮人是一种幸福,2015-03-08,"孙蓉,涪陵红十字志愿者大队,奖章",4  
71,五年培养六千贫困农家女（扶贫开发先进典型）,2014-10-27,"济困,海南省经济技术学校,农家女",10  
72,陕西岚皋：巾帼脱贫在行动,2016-10-12,"脱贫,妇女,朋诚制衣有限公司",15  
73,全国妇女“巾帼建功”活动领导小组举行会议,2006-01-19,"妇女,“巾帼建功”,领导小组",4  
74,九位优秀妇女在京介绍建设祖国动人事迹,1991-03-04,"妇女,建设,演说",4  
75,巾帼力士得到企业支持,1995-06-27,"巾帼力士,企业,中国女子举重队",8  
76,“全国五一巾帼奖”揭晓,2007-03-01,"“全国五一巾帼奖”,职工队伍,先进集体",10  
77,大型画册《巾帼风采》首发式在京举行,2008-11-14,"《巾帼风采》,首发式,大型画册",4  
78,女护士紧缺　男护士更缺,2005-05-13,"护士,中国,专科医院",11  
79,“践行雷锋精神·百万巾帼志愿者在行动”活动启动,2012-03-02,"雷锋精神,巾帼志愿,社区",4  
80,最大限度地激发妇女创造活力,2008-01-11,"创新,激发妇女,限度地激发",4  
81,1013个单位　获“全国巾帼文明岗”称号,2008-04-29,"“全国巾帼文明岗”,视频会议,妇女",10  
82,《特殊连队》《巾帼列传》再现红军英雄壮举,1987-05-16,"《特殊连队》,《巾帼列传》,红军",3  
83,中央国家机关表彰“巾帼建功”标兵,1992-03-09,"表彰,中央国家机关,“巾帼建功”",4  
84,2017年河北巾帼志愿者注册人数达203万人,2018-01-11,"志愿者,巾帼志愿,河北省政府新闻办",6  
85,巾帼不让须眉（动感2005）,2005-07-17,"龙舟赛,揭碑,竞争",7  
86,2018年度“争做巾帼好网民”主题活动启动,2018-06-27,"“争做巾帼好网民”,主题活动,2018年度",9  
87,发挥聪明才智 立志建功成才（在中国妇女第八次全国代表大会上）,1998-09-04,"妇女,建功成才,聪明才智",3  
88,在创先争优中展现巾帼风采,2011-03-08,"创先争优,妇女,展现巾帼风采",2  
89,巾帼抢险逞英雄,1996-09-10,"城区中心城南防汛指挥部,武警,母亲",11  
90,全国巾帼文明岗迎奥运誓师大会在京举行,2007-09-08,"奥运会,巾帼文明岗,文化",4  
91,中华巾帼网球赛举行,1995-09-01,"中华巾帼,比赛,科学家",8  
92,巾帼文明示范岗,1998-04-07,"文明示范岗,巾帼文明,文化",3  
93,留住晚霞满天（时代先锋）,2014-03-22,"志愿者,史凤美,“巾帼挽霞”",6  
94,激励妇女投身经济建设,2004-12-22,"投身经济建设,激励妇女投身,“巾帼建功”",4  
95,『巾帼风采』散文征文颁奖,1995-10-19,"巾帼风采,散文征文,福建恒安集团",4  
96,第五届“巾帼扫盲奖”颁发,1999-12-06,"“巾帼扫盲奖”,第五届,颁布",3  
97,全国妇联等倡导开展“巾帼建功”活动,1991-03-14,"“巾帼建功”,倡议,通知",3  
98,中华巾帼志愿者“优质服务进万家”活动启动,2001-07-22,"巾帼志愿者,“优质服务进万家”,社区",2  
99,“中华巾帼志愿者”送科技下乡西部行活动启动,2001-09-09,"科技,“中华巾帼志愿者”,妇女",2  
100,娘家人心系众姐妹（时政经纬）,1998-07-07,"下岗女工,就业,再就业",3  
101,一手抓发展　一手抓维权,2000-01-27,"一手抓,妇女,“巾帼建功”",3  
102,斯里兰卡巾帼总统,1994-11-15,"巾帼总统,泰米尔族,库马拉通加",7  
103,第二届“新世纪巾帼发明家”评选揭晓,2004-04-25,"“新世纪巾帼发明家”,评选,中国发明家协会",4  
104,体坛巾帼风采摄影大赛揭晓,1995-09-14,"比赛,体坛巾帼风采,风采摄影大赛",8  
105,临汾地区充分发挥“半边天”作用,1992-02-28,"妇女,临汾地区,半边天",3  
106,焕发新时代的巾帼力量,2018-03-08,"巾帼力量,妇女,评论员",1  
107,老一代女新闻工作者表彰会召开,1995-06-10,"新闻,表彰会,《在转化中看多数》",2  
108,三月八日唱中华巾帼,2016-03-08,"委员,“三八”,“兵之母亲”",9  
109,立足本职建功立业 发挥“半边天”作用,2011-03-01,"半边天,职工,立足本职",4  
110,第四届全国『巾帼扫盲奖』表彰会举行,1997-12-05,"巾帼扫盲,表彰会,妇女",3  
111,全国武术馆校擂台大赛开场,1994-11-09,"全国武术馆,比赛,馆校",3  
112,巾帼强人,1996-03-26,"人防,巾帼强人,职工",3  
113,园丁精神巾帼志,1991-02-11,"扫盲,园丁,林沫英",3  
114,巾帼建功事迹感人,1994-03-04,"报告会,妇女,吉林工业大学技术经济系",4  
115,勇立时代潮头 展现巾帼风采,2012-03-08,"妇女,巾帼风采,评论员",4  
116,巾帼软式网球赛在京举行,1997-11-04,"网球赛,领导干部,比赛",8  
117,展巾帼之志　成梦想之美（社论）,2013-10-28,"妇女,巾帼之,社论",1  
118,宁夏“巾帼社区服务工程”造福下岗女工,2002-09-14,"“巾帼社区服务工程”,下岗女工,就业",2  
119,一批“巾帼建功”先进受中直机关表彰,1993-03-03,"“巾帼建功”,中直机关,表彰先进",4  
120,塑造职业妇女新形象,1996-01-17,"妇女,塑造职业,“巾帼建功”",3  
121,爱心呼唤服务 空巢老人乐活（学雷锋志愿服务）,2013-06-18,"爱心呼唤,空巢,志愿服务",6  
122,扎实做好巾帼现代农业科技示范基地创建工作,2012-06-23,"科技,现代农业,基地",3  
123,巾帼竞芳　美丽绽放,2013-10-29,"巾帼竞芳,妇女,代表",2  
124,展六亿巾帼之风采,1995-03-08,"妇女,中国,国际",1  
125,世界女子国际象棋冠军候选人赛开幕,1992-11-01,"冠军候选人赛,第一名,中国国际象棋协会",4  
126,全国第二届巾帼书画展在京举行,1999-08-31,"书画展,民族文化,开幕式",3  
127,国资委、全国妇联表彰央企巾帼建功标兵和文明岗,2006-03-02,"巾帼建功标兵,模范,文化",6  
128,２５万人次农村妇女接受网络培训,2006-10-09,"网络,妇女,农村",10  
129,京剧《安国夫人》颂扬巾帼英雄,2014-05-01,"《安国夫人》,京剧,巾帼英雄",8  
130,确保巾帼脱贫行动取得实效,2016-01-22,"巾帼脱贫行动,妇女,中央决策部署",9  
131,巾帼力士争相赶超世界纪录,1990-05-19,"世界纪录,巾帼力士,创新",3  
132,“巾帼志愿者”改善农居环境,2011-01-04,"环境,“巾帼志愿者”,整治",6  
133,全国妇联表彰１００个“巾帼文明示范岗”,1998-03-07,"“巾帼文明示范岗”,北京蓝岛大厦针纺商场丝绸组,表彰",7  
134,社会体育指导员与巾帼文明健身队结对,2011-05-26,"体育指导员,巾帼文明健身队,社会体育",3  
135,胶园巾帼（劳动者之歌）,2006-04-25,"徐兰香,胶园,国营新中农",2  
136,武警总医院巾帼共谱风采曲,1995-09-05,"武警总医院,技术,半边天",5  
137,体坛巾帼风采摄影大奖赛开始,1995-03-11,"体坛巾帼风采,巾帼风采摄影,摄影大奖赛",8  
138,三十万军队妇女争做贡献,1992-03-06,"妇女,军队建设,解放军总政治部",3  
139,“田头巾帼”议增收,2002-03-04,"“田头巾帼”,农民,浙江代表团",6  
140,全运会女子足球预赛重庆赛区开赛,1987-06-03,"预赛重庆赛区,女子足球预赛,全运会",3  
141,３０位杰出女性获殊荣,2006-06-01,"杰出女性,评选,“新世纪巾帼发明家”",10  
142,巾帼力士成绩达国际水平,1985-12-19,"成绩,国际,举重",3  
143,巾帼现代农业科技示范基地负责人在京座谈,2012-08-29,"现代农业,示范基地,科技",4  
144,巾帼力士参加亚运会选拔赛,1994-07-30,"亚运会,选拔赛,北京红山口八一体工队",3  
145,巾帼系列行动报告会在京举行,1997-03-07,"报告会,代表,“巾帼系列行动”",4  
146,全军“巾帼建功”事迹报告会举行,1992-03-07,"“巾帼建功”,事迹报告会,解放军总参谋部",4  
147,百米长卷《巾帼撷英图》在京展出,1995-08-18,"《巾帼撷英图》,民主革命,开幕式",3  
148,巾帼发明家创新事迹巡回宣讲活动启动,2006-08-01,"巾帼发明家,发明家创新,巡回宣讲活动",4  
149,西点巾帼,1995-02-12,"学生,军队,学校",7  
150,巾帼不让须眉（时政广角）,2004-10-26,"中国,创业,经济",8  
151,"城镇妇女：“巾帼建功”有新进展
农村妇女：“双学双比”创新业绩",1994-05-26,"“巾帼建功”,农村妇女,城镇妇女",3  
152,巾帼双杰　雪上争雄,1987-02-06,"雪上,比赛,金雪飞",3  
153,学时代楷模 做巾帼表率,2012-06-14,"时代楷模,妇女,全国妇联党组",15  
154,商洛巾帼谱写扶贫新篇章,2001-10-07,"济困,妇女儿童,纲要",4  
155,巾帼不让须眉（当日之星）,2006-12-14,"徐莉佳,比赛,第一名",8  
156,十位“新世纪巾帼发明家”在京亮相,2002-04-26,"“新世纪巾帼发明家”,中国发明协会,专利",4  
157,巾帼建功三八红旗手表彰大会召开,2011-03-08,"三八红旗手,表彰,巾帼建功",2  
158,黑龙江“巾帼科技致富工程”正红火,2001-04-03,"“巾帼科技致富工程”,妇女,农村经济",4  
159,“展巾帼风采，建绿色家园”主题造林启动,2007-05-12,"造林,工程,建设",2  
160,“巾帼建功”演讲团在京举行首场报告,1993-03-04,"演说,“巾帼建功”,演讲团",4  
161,赵桂云被誉为“巾帼英雄”,1993-06-01,"赵桂云,“巾帼英雄”,企业",3  
162,中国农村巾帼书画展即将开幕,1995-08-27,"农村,开幕,巾帼书画展",4  
163,女发明家盖翠香捧走巾帼杯,1990-10-22,"盖翠香,巾帼杯,“鲁豆２号”",3  
164,“文武双全”的巾帼名厨师葛贤萼,1983-11-14,"“文武双全”,葛贤萼,厨师",5  
165,巾帼竞芳，建功新时代（跨越·十年）,2012-10-19,"妇女,农村,政策",8  
166,巾帼建功　奋发进取,1991-03-08,"妇女,奋发进取,规划",1  
167,第二届全国女子摩托车远征队抵京,1992-09-28,"北京汽车摩托车拉力赛,第二届,路线",4  
168,“中央国家机关女司局长访谈”在人民网启动,2012-04-21,"中央国家机关女司,会谈,女司局长",4  
169,百余先进个人集体获“巾帼扫盲奖”,1990-11-08,"“巾帼扫盲奖”,先进个人,妇女",4  
170,巾帼建功创辉煌,2009-10-10,"妇女,成绩,人口",3  
171,巾帼战洪魔,1998-09-29,"巾帼战洪魔,海军女子陆战队,交战",3  
172,十余万巾帼成为我军建设重要力量,1987-03-05,"技术,精神文明建设,专业",1  
173,“巾帼建功”演讲团在京作首场报告,1992-03-04,"演说,演讲团,“巾帼建功”",4  
174,全国青年女足赛 六路巾帼战芜湖,1989-10-10,"全国青年女足,女子青年足球队,中国",4  
175,“巾帼英雄”——秋瑾（为了民族复兴·英雄烈士谱）,2018-04-07,"烈士,“巾帼英雄”,网友",4  
176,“第一位巾帼英雄”,1990-01-10,"“第一位巾帼英雄”,历史,《冼夫人》",8  
177,黑白世界鏖战　巾帼英雄逞威,1988-01-17,"芮乃伟,曹大元,形势",3  
178,增强妇女依法维权能力,2015-02-28,"妇女,维权,组织法",4  
179,巾帼英雄,1988-01-14,"新四军豫鄂独立游击支队,巾帼英雄,边区",5  
180,中国革命老区巾帼发展论坛在京举行,2008-11-16,"革命老区,巾帼发展论坛,老区巾帼发展",2  
181,巾帼英豪受尊敬 知识女性成明星,1998-03-04,"电影演员,知识女性,巾帼英豪",5  
182,巾帼英豪攀高峰,2002-03-25,"国际,医学,免疫球蛋白A",6  
183,首都各界集会纪念“三八”妇女节,1993-03-07,"“三八”,纪念,妇女",1  
184,全国妇联六届四次执委会在京闭幕,1991-11-09,"全国妇联六届四次执委会,闭幕,妇女",3  
185,陈慕华号召妇女积极参与“巾帼系列行动”,1996-01-13,"“巾帼系列行动”,妇女联谊组织,妇女工作",2  
186,山西二十万妇女参加长跑 中华巾帼软式网球队表演,1995-03-09,"妇女,中华巾帼软式网球队,“三八”",8  
187,巾帼力士李红玲超三项世界最好成绩,1987-05-15,"最好成绩,李红玲,第三名",3  
188,中央国家机关表彰百名“巾帼英雄”,2007-03-31,"中央国家机关,“巾帼英雄”,表彰",4  
189,巾帼豪气动钢城,1994-05-19,"辽宁省鞍山市轧钢厂,医院,书记",3  
190,巾帼英雄王玉荣,1997-11-10,"巾帼英雄,火车站公安分局,人质",11  
191,巾帼不让须眉　共创美好未来,2008-10-29,"妇女权益,美好未来,妇女事业",10  
192,巾帼不让须眉　共创美好未来,2008-10-29,"妇女权益,美好未来,妇女事业",1  
193,希望的种子,2002-03-03,"科技,专家,农业",7  
194,袁芬 地下工程巾帼兵（身边的感动）,2011-03-07,"袁芬,工程有限公司设计研究所,技术",19  
195,凝聚坚定不移跟党走的强大巾帼力量（在习近平新时代中国特色社会主义思想指引下——新时代新气象新作为·高端访谈）,2018-02-02,"社会主义,时代中国特色,坚定不移跟党",2  
196,9位优秀妇女展示当代女性风采,1999-03-05,"妇女,展览,报告会",4  
197,科教兴国巾帼精英,2000-09-06,"科技,汉族,科教兴国",12  
198,巾帼巧手塑巨雕,2011-03-14,"穆欣娜,塑像,《男工人与女庄员》",23  
199,全总授予湖南导游文花枝全国五一劳动奖章　十个集体和十名个人荣获“全国五一巾帼奖”荣誉称号,2006-02-22,"“全国五一巾帼奖”,女职工委员会,授予湖南导游",4  
200,妇女投身改革建设展英姿,1992-03-07,"妇女,建设,改革",1  
201,十二比四巾帼俏 男儿更当立壮志,1992-08-11,"中国,“阴盛阳衰”,奥运会",4  
202,下岗不失志　创业铸辉煌,2000-03-16,"下岗,创业,刘学芳",10  
203,众巾帼举重若轻 射击场连爆冷门,1997-10-15,"世界纪录,比赛,第一名",8  
204,"巾帼税务官公正廉洁执法
千余个体户恳请为其扬名",1993-10-16,"个体户,税务,公正廉洁",2  
205,天山南北，巾帼之花竞开放（在新疆大地上）,2015-09-21,"妇女,“最美家庭”,新疆大地",11  
206,激发乡村振兴的巾帼力量（青春派·我的乡村观察⑧）,2018-06-05,"贫困农村女性,乡村振兴,书记",19  
207,“女娲”的传人,1995-09-09,"“女娲”,军事医学科学院,创新",6  
208,全国妇联表彰先进,2001-03-08,"表彰先进,“巾帼建功”,妇女",4  
209,邻里情深　温馨万家,2001-07-25,"“巾帼志愿者”,邻里情深,温馨万",12  
210,演好“重头戏”,1999-11-25,"“重头戏”,济困,妇女",12  
211,巾帼不让须眉写传奇 张山飞碟夺金扬国威（奥运记忆·经典一刻（12））,2008-01-05,"奥运会,不明飞行物,比赛",7  
212,全国各级妇联工作卓有成效,1998-09-02,"权利,妇女权益,维护",3  
213,妇女家政在行动,2001-03-24,"妇女,就业,巾帼家政服务队",7  
214,社区建设显身手,2001-03-24,"社区,建设,妇女",7  
215,农村妇女涌现“六个一批”,2006-02-19,"“六个一批”,农村妇女专业技术协会,农村改革",7  
216,武汉家政服务挂起牌,1998-12-05,"市巾帼家政服务中心,“巾帼家政服务员”,家政服务员",7  
217,构建社会主义和谐社会需要 充分发挥广大妇女聪明才智,2007-02-28,"妇女,社会主义,和谐社会",10  
218,编者的话,1997-08-18,"“巾帼园”,妇女,建议",11  
219,银苑女性展风采,2001-03-24,"“巾帼建功”,妇女,“巾帼文明示范岗”",7  
220,交一份出色答卷,1999-03-09,"妇女,中国,国际社会",7  
221,纪念“三八”国际妇女节暨全国妇女先进典型表彰大会举行,2015-03-02,"妇女,表彰先进,“三八”国际",4  
222,北京举行中外妇女招待会,1996-03-09,"妇女招待会,中外妇女,中国",4  
223,新闻摄影比赛,1992-01-27,"女工,职工,“巾帼状元”",2  
224,北京将推出《奉献者礼赞》专题片,1996-03-05,"《奉献者礼赞》,北京电视台,黄金时间",3  
225,巾帼风采,2010-03-08,"青年,常香玉,林巧稚",14  
226,巾帼风采,2010-03-08,"任长霞,困难群众,研讨会",14  
227,巾帼风采,2010-03-08,"青年,常香玉,林巧稚",15  
228,巾帼风采,2010-03-08,"任长霞,困难群众,研讨会",15  
229,巾帼风采,1995-09-15,"女工,河南新郑卷烟厂,职工",3  
230,锡伯巾帼,1988-11-14,"妇女,锡伯族,关元梅",4  
231,全国妇联表彰先进集体和个人,2017-04-23,"先进集体,表彰,妇女",4  
232,高法表彰优秀女法官,2005-03-09,"表彰,“全国优秀女法官”,“巾帼建功”",4  
233,全国妇联表彰先进,1994-02-24,"表彰先进,妇女,“巾帼建功”",3  
234,河北将建200个巧手脱贫示范基地,2017-03-23,"脱贫示范基地,巧手脱贫示范,200个",10  
235,优秀创业女性受表彰,2008-11-29,"表彰,“全国优秀创业女性”,“巾帼建功”",6  
236,尽职当好“娘家人”（促进就业再就业典型）,2004-09-06,"再就业,妇女,巾帼就业指导中心",6  
237,全国十佳运动员评选揭晓,1991-03-08,"十佳运动员,评选,代表",1  
238,编者按,2003-02-13,"再就业,妇女,“巾帼社区服务工程”",16  
239,中央国家机关表彰妇女先进,1994-03-02,"妇女,中央国家机关,表彰",4  
240,吉林：专项借款助下岗女工创业,2003-05-08,"下岗女工,创业,社区",4  
241,部署掀起学雷锋活动热潮（与雷锋精神同行）,2012-02-25,"雷锋精神,妇女,通知",5  
242,树立良好家风,2000-02-29,"社区服务,文化,妇女",11  
243,十位女性荣膺全国三八红旗手标兵,2015-02-27,"三八红旗手,模范,格力集团有限公司",12  
244,巾帼英雄向警予：“为我女界啊，大放光明！”（民族脊梁）,2016-06-18,"民族,向警予,大放光明",4  
245,爱心呼唤，时刻准备,2012-05-18,"巾帼志愿者,“爱心呼唤器”,李国全",6  
246,把服务送进千家万户,2001-07-25,"千家万户,服务送,社区",12  
247,编者按,1985-03-12,"建设,模范,交战",4  
248,春节上岗正当时,2004-01-12,"春节,上岗,上海巾帼服务中心",13  
249,图片报道,2009-07-03,"“巾帼创业园”,“百万妇女创业”,实践",8  
250,各级妇联安置50万妇女就业,2016-12-30,"妇女就业,就业安置,安置",12  
251,河北引导上万妇女家政就业,2018-01-15,"妇女,就业,家政服务",13  
252,妇联组织六大举措助力贫困妇女精准脱贫,2016-10-16,"贫困妇女,妇女精准脱贫,妇联组织",4  
253,新疆多渠道培训各族妇女,1995-02-05,"妇女,培训,文化",3  
254,中国妇女创业创新论坛举办,2017-09-22,"创业创新,妇女,社部国际劳动保障研究所",9  
255,首都各界隆重纪念“三八”妇女节,1997-03-08,"妇女干部,纪念,“巾帼系列行动”",1  
256,首都各界隆重纪念“三八”妇女节,1997-03-08,"妇女干部,纪念,“巾帼系列行动”",2  
257,庆祝国际护士节活动举行,2009-05-12,"国际护士节,庆典,“巾帼建功标兵”",4  
258,深化党群共建创先争优 立足岗位争创新的业绩,2012-03-02,"创先争优,党群共建,妇女",2  
259,让“勤廉之花”在家庭盛开（寻找“最美家庭”）,2015-02-24,"“最美家庭”,“勤廉之花”,家庭盛开",2  
260,高法全国妇联表彰优秀法院法官,2007-03-02,"表彰,优秀法院,肖扬讲话",8  
261,城乡盛开“木兰花”,2006-09-22,"“木兰花”,妇女,农村劳动力",15  
262,数说品牌,2008-10-28,"妇女,“五好文明家庭”,“双学双比”",11  
263,志在社区　精彩创业,2003-09-07,"华夏巾帼社区服务有限公司,创业,下岗",6  
264,首都各界妇女纪念“三八”节九十五周年暨表彰大会举行,2005-03-02,"妇女,表彰,纪念大会",2  
265,“小车厢也有大学问”（时代先锋）,2014-03-17,"吕湘平,“小车厢也有大学问”,人大代表",4  
266,妇女盛会在中国（纪念改革开放２０年难忘第一）,1998-09-22,"妇女,改革开放,纪念",1  
267,图片报道,2004-12-21,"农村,妇女,巾帼志愿者",10  
268,汉锦织出致富路,2017-05-26,"汉锦,济困,技术",11  
269,徐兰香　青春无悔献胶园,2002-11-10,"徐兰香,海南省农垦总局,胶工",8  
270,10位女性荣获全国三八红旗手标兵,2017-02-28,"三八红旗手,模范,推荐",4  
271,冯梅梅勇夺双向飞碟射击世界冠军,1987-11-08,"不明飞行物,双向飞碟,飞碟射击",3  
272,李妮娜 巾帼本色,2009-01-23,"李妮娜,冬奥会,世界杯",12  
273,痛失巾帼英才,1983-05-08,"妇女,林巧稚同志,中国",3  
274,绿茵巾帼风采,1999-07-13,"女足世界杯赛,比赛,运动",8  
275,巾帼创业扬帆起航,2010-08-20,"创业,妇女,贷款",13  
276,巾帼犁耙手,1995-12-05,"责任田,农副业",2  
277,巾帼当歌,1997-05-30,"苏西·马罗尼,佛罗里达海峡,游泳",7  
278,巾帼健儿会泉城,1981-05-13,"比赛,女篮,中国",7  
279,巾帼拥军情,1992-07-10,"拥军优属,“无限美好”,“民拥军”",4  
280,“铁人”突破看巾帼,1997-06-16,"铁人三项,奥运会,“铁人”",8  
281,名震巾帼足坛,1996-08-15,"足球,原国家队,女足",8  
282,巾帼英姿看今朝,1995-08-27,"妇女,参政议政,市场",3  
283,中华巾帼轻轻举起,1990-09-26,"举重,亚运会,教练员",2  
284,梅岭巾帼建林场,1985-03-12,"林场,梅岭,民兵班",2  
285,巾帼采珍,1989-03-07,"妇女求爱,学校,大开出租汽车公司",7  
286,斯里兰卡巾帼总统,1994-11-14,"迪萨纳亚克,“猛虎”,总统候选人",7  
287,斯里兰卡巾帼总统,1994-11-13,"钱德里卡·库马拉通加,钱德里卡·班达拉奈克,职务调整",7  
288,巾帼蓝天梦,2015-09-05,"中国民航大学,军事训练,工程",4  
289,巾帼奇举,1998-07-05,"苏西·马罗尼,世界纪录,游泳",3  
290,巾帼凌空豪情在,1985-03-14,"飞机,妇女,德·拉罗什",8  
291,巾帼心系国是,1996-03-08,"人大代表,农业科技,会议",8  
292,巾帼挥杆露峥嵘,1991-02-05,"挥杆,牡丹江队,哈尔滨队",4  
293,巾帼英豪还看今朝,1960-03-07,"妇女,中国,世界纪录",4  
294,武汉：下岗职工在服务行业显身手,1999-04-03,"下岗职工,服务行业,满春街巾帼家政服务队",1  
295,《红军女英雄传》即将出版,1986-02-20,"《红军女英雄传》,出版,“女司令”",3  
296,虞城获取“中国木兰之乡”,2007-12-11,"中国木兰文化研究中心,“中国木兰之乡”,《巾帼英雄花木兰》",16  
297,苗寨普法反家暴,2016-03-08,"普法,妇女,巾帼志愿者",14  
298,全国农村留守妇女互助组总数达30万,2015-01-16,"农村留守妇女,妇女互助组,服务行业",9  
299,《看中国》系列画册首发,2005-06-03,"《看中国》,系列画册,座谈会",4  
300,达尔美杯女子举重邀请赛将在沪举行,1987-12-21,"女子举重,举重邀请赛,“达尔美”",3  
301,进一步发挥农村妇女在现代化建设中的作用,2002-06-19,"农村妇女,科技,“巾帼科技致富工程”",2  
302,千方百计扩大再就业,2003-04-08,"残疾人,再就业,社区",4  
303,山东 集中投入智力扶贫,1998-01-10,"济困,妇女,山东省滨州地区",7  
304,坚定不移地贯彻男女平等的基本国策（社论）,1997-03-08,"基本国策,男女平等,贯彻",1  
305,“母亲河”保护行动深入推进 “半边天”西部开发建立功勋,2002-01-22,"保护母亲河,妇女,工程",6  
306,宁夏　扶持国企下岗女工创业（各地链接）,2005-05-27,"创业,下岗,国有企业",13  
307,山东崛起一批女优秀民营企业家广西女性撑起非公经济半边天,2004-03-08,"民营企业家,非公经济,优秀民营",4  
308,首都各界妇女纪念“三八”节,1992-03-08,"妇女,纪念,“三八”节",1  
309,妇女创业就业工作大有可为,2006-09-22,"就业,妇女,创业",15  
310,顶起“半边天”,2008-02-23,"妇女,儿童,农村",7  
311,风雨不改巾帼志（走基层转作风改文风·万里海疆行）,2011-10-24,"民兵,文风,作风",6  
312,天津妇联3年安置10万余下岗女工,2002-06-16,"下岗女工,安置,社区",2  
313,春天的故事,2009-07-05,"妇女,就业,故事",4  
314,宜春农家女闯入艺术殿堂,1993-01-01,"农家女,全国首创巾帼书画社,艺术",2  
315,精神文明结硕果,2003-08-24,"精神文明,成果,《歌颂家庭好风尚》",6  
316,花木兰故乡十万妇女建功立业,1995-06-19,"花木兰,妇女建功立业,“巾帼标兵”",3  
317,秋瑾、徐锡麟等烈士陵墓重新修建,1981-09-01,"烈士,徐锡麟,秋瑾",4  
318,发挥妇女在家庭文明建设中独特作用,2016-12-31,"建设,文化,家庭文明",4  
319,信 息,1997-09-29,"法律,服务质量,领导干部",11  
320,在打赢脱贫攻坚战中发挥妇女半边天作用,2017-01-14,"妇女,脱贫,攻坚战中发挥",7  
321,积极参加『讲文明树新风』活动,1997-08-05,"文化,中央精神文明建设指导委员会,“讲文明、树新风”",4  
322,小额信贷架“富”桥,2001-03-24,"小额信贷,下岗,“巾帼建功”",7  
323,发挥妇女“半边天”作用（认真贯彻男女平等基本国策）,2004-04-05,"妇女,男女平等,半边天",10  
324,社区里的女“雷锋”,2012-03-16,"社区,橄榄枝,志愿者",6  
325,十运会武术散打女子预赛开战（动感2005）,2005-04-29,"散打女子预赛,武术散打女子,交战",12  
326,昌邑女干部登台唱主角,1996-04-26,"妇女干部,妇女人才开发促进会,乡镇",3  
327,何宝珍（永远的丰碑（206））,2005-09-30,"何宝珍,革命,女子师范学校",2  
328,隆真（永远的丰碑（221））,2005-10-15,"郭隆真,“觉悟社”,妇女委员会",2  
329,姐妹手拉手共走创业路（综述）,2003-02-13,"创业,妇女,就业",16  
330,巾帼英雄看今朝,1958-12-08,"妇女自卫队,海防,农业",2  
331,巾帼绿茵健儿荟萃京城,1992-10-08,"北京海淀体育场,中国,比赛",4  
332,女总理支持巾帼“出征”,1990-07-23,"巴基斯坦国家曲棍球队,运动员,亚运会",3  
333,中州巾帼轰动沧州擂台,1987-10-13,"徐斌,原字口,进攻",3  
334,在冰上拚搏的巾帼,1989-04-12,"比赛,郭洪茹,世界大学生运动会",4  
335,须眉不让巾帼独美,2001-11-21,"比赛,夺冠,亚洲纪录",8  
336,常青原来是巾帼,1995-05-13,"故事,革命英雄主义,建设",8  
337,科教兴国　巾帼争先,1999-03-09,"科教兴国,科技,妇女",7  
338,巾帼英雄（图片新闻）,2004-03-10,"诞辰,钱秀玲,中比关系",3  
339,挪威绿茵巾帼誓夺冠,1995-06-17,"夺冠,挪威队,女足",4  
340,亚洲巾帼力士汇聚石龙,1993-12-16,"比赛,世界纪录,青年",4  
341,外国妇女盛赞华夏巾帼,1999-03-09,"妇女,秘书长,成绩",7  
342,爆米花（美术）,1995-08-27,"美术,农村",4  
343,图片报道,2001-07-25,"“巾帼服务直销队”,下岗职工,上岗",12  
344,图片报道,1990-09-24,亚运会,2  
345,致读者,1999-01-14,"“社会经纬”,职工,青年",12  
346,汗水铺出冠军路,1987-11-22,"第一名,张玉萍,武星赵长军",4  
347,全国妇联座谈公民道德建设实施纲要,2001-10-30,"建设,公民道德,实施纲要",6  
348,『东西互助手拉手』启动,1996-11-12,"互助手拉手,东西互助,妇女",3  
349,用党的十八大精神凝聚妇女力量 为全面建成小康社会而齐心奋斗,2013-01-11,"妇女,十八大,小康社会",4  
350,山东6万下岗女工社区再就业,2002-12-08,"社区,下岗,女工",4  
351,全国家庭服务职业风采大赛电视总决赛举行,2011-01-29,"比赛,家庭服务职业,风采大赛电视",2  
352,中国女排再夺世界冠军,1982-09-27,"数据库,公文",4  
353,图片报道,2003-03-18,代表,6  
354,团结亿万妇女迈向新世纪,1995-11-15,"妇女,全国妇联七届三次执委会,迈向新世纪",1  
355,提高妇女整体素质,2000-03-16,"妇女,权利,维护",10  
356,速读,2009-11-12,"航道,贵州省政协,培训",4  
357,真情温暖留守孩子（志愿服务进行时）,2016-03-01,"留守流动儿童,志愿者,母亲",9  
358,全城义捐救助病童(暖流),2012-03-20,"王佳慧,志愿者,济困",6  
359,兴奋之余的思考,1988-05-08,"世界纪录,国家女子举重集训队,中国",3  
360,桑榆未晚“志愿”忙,2001-07-25,"天津市和平区鞍山道小学,“志愿”,“家庭学堂”",12  
361,新闻摄影比赛,2002-04-27,"就业,妇女,服务员",4  
362,图片报道,2015-01-27,"“爱心接力妈妈”,“爱心妈妈”,礼品",6  
363,图片报道,2001-03-24,"“三八”红旗手,“巾帼建功”,模范",7  
364,海后女科技人员勇挑科研重担,1994-03-31,"科研,科技人员,“巾帼建功”",3  
365,图片报道,2001-03-05,"“巾帼文明示范岗”,职业道德建设,文化",5  
366,图片报道,2001-11-04,"下岗,“巾帼接送车”,职务调整",3  
367,图片新闻,1997-06-08,"转业,劳模,复员",2  
368,图片报道,2002-12-23,"妇女,“双学双比”,示范基地",11  
369,简讯,1984-02-29,"“巾帼杯”,第二名,排球",3  
370,谁跟谁比？（精彩瞬间）,1998-03-03,,12  
371,图片报道,2002-09-03,"“全国青年文明号”,文化",4  
372,浪淘沙,1981-11-26,"数据库,公文,红旗",8  
373,梅兰芳史料陈列馆,1994-09-19,"《凤还巢》,《穆桂英》,凤凰墩",8  
374,民警女杰,1998-06-06,"湖南省衡山县公安局预审股,“全国巾帼建功标兵”,“湖南省十杰民警”",7  
375,小鱼治水,2017-06-22,"“小鱼治水”,志愿者,青年",10  
376,图片报道,2003-07-16,"“巾帼创业带头人”,下岗职工",4  
377,乌克兰的女交警,1998-06-19,"警察,交通",6  
378,图片报道,2001-03-24,"电信,“巾帼文明示范岗”",7  
379,体育强国看振兴,2016-08-22,"体育强国,女排,高峰",14  
380,图片报道,2000-04-07,"“巾帼文明示范岗”,三八红旗集体,城区",4  
381,图片新闻,1994-04-13,"体育场,建设,中国",4  
382,风雷京剧团推出《冯婉贞》,2000-01-15,"《冯婉贞》,北京风雷京剧团,侵略",5  
383,妇女发展前景光辉（年终专稿）,2000-12-21,"妇女发展,视察,妇女工作",12  
384,有梦想更美丽,2013-10-28,"妇女,“大维权”,中国",4  
385,各级妇联推动和谐理念深入城乡家庭,2006-12-14,"城乡家庭,文化,巾帼文明队",4  
386,构建先进性别文化（贯彻基本国策　实现性别平等）,2015-10-13,"妇女工作,基本国策,贯彻",19  
387,充分发挥“半边天”作用,2013-10-29,"妇女,半边天,文化",2  
388,诗三首,1989-05-08,,8  
389,海南红烛,1995-09-06,"“花园、乐园、学园”,小学,傅映柏",5  
390,托老所里“母女”乐,2003-09-26,"“母女”,朝阳社区托老,“党员志愿者”",13  
391,图片报道,1991-04-12,"“巾帼建功模范”,职工,客户",4  
392,垃圾分类进苗寨,2013-07-20,"垃圾分类,比赛,卫生工作",11  
393,图片报道,2013-05-07,"“姐妹指路队”,上岗,社区",13  
394,荣成农发行会计服务受好评,2001-06-11,"会计,荣成农发行,企业",10  
395,悼邓大姐,1992-07-24,"马万祺,去世",8  
396,图片报道,1995-07-20,"国际交流,嘉奖",5  
397,图片新闻,1999-05-19,"群众监督,群众建议,青年",3  
398,图片报道,2007-03-08,"道班,“全国巾帼文明岗”,公路",4  
399,邯郸招收下岗女工当“洁嫂”,1998-06-19,"女工,“洁嫂”,下岗",2  
400,满江红,1986-04-16,,8  
401,吉林开展消防宣传教育年活动,2001-06-04,"教育,消防宣传,文化",1  
402,图片报道,2001-03-24,"“巾帼建功”,科技进步奖,解放军",7  
403,东北特色的歌舞晚会,1992-08-22,"歌舞晚会,舞蹈,《好一个中国潮》",8  
404,家政大比武政府发证书,2005-09-16,"政府,比赛,家政服务员",6  
405,河南洛阳白马企业集团挡车工邓志芳（图片）,1996-05-07,"河南洛阳白马企业集团,集团挡车工,总结",11  
406,大漠女子放线工,1995-09-01,"女子放线工,“巾帼不让须眉”",9  
407,改革大潮中的“半边天”,1993-08-31,"改革,农村,半边天",3  
408,“三八”国际妇女节纪念暨表彰大会在京举行,2017-03-09,"表彰,“三八”国际,纪念大会",4  
409,向女航天员们表示崇高敬意,2012-07-31,"中国,妇女,航天事业",4  
410,四川培养选拔女干部举措新,2005-03-08,"培养选拔,后备干部,“巾帼之友”",4  
411,纪念“三八”节暨全国三八红旗手表彰大会举行,2014-03-01,"三八红旗手,表彰,纪念大会",4  
412,江苏省妇联为“留守儿童”营造温馨家园（发挥妇联作用 促进家庭和谐）,2007-01-10,"江苏省妇联,“留守儿童”,农村",4  
413,洗手间的美容师（社会扫描）,1999-06-04,"洗手间,下岗,“美容师”",3  
414,一手抓发展　一手抓维权,1999-01-14,"维权,一手抓,妇女干部",12  
415,冯敏事迹引起反响,1993-06-28,"冯敏,边疆,地方",1  
416,各地新闻点击,2003-08-09,"“巾帼生态庭院”,高等院校,可削铅笔",5  
417,采取有力措施切实维护　妇女权益促进妇女发展,2012-07-13,"妇女,维护,权利",2  
418,"求真务实　开拓创新
推进基层妇女群众工作",2012-05-22,"开拓创新,妇女工作,群众工作",4  
419,开拓扶贫新路子（短评）,1996-11-12,"济困,妇女,短评",3  
420,太平洋保险杯四国女足赛今天开战,2002-01-23,"太平洋保险杯,四国女足,女足赛",8  
421,女子五人破两项亚洲纪录,1987-06-07,"亚洲纪录,比赛,全运会",3  
422,绍兴县十五万妇女在乡镇企业显身手,1987-04-20,"乡镇企业,妇女,农村",4  
423,盘龙２８名女青年奔赴老山前线,1987-06-19,"名女青年,老山前线,县委",4  
424,我巾帼力士获十五枚金牌,1988-12-05,"世界纪录,举重锦标赛,女子举重",3  
425,冰雪荒原上的巾帼英雄,1984-01-23,"视察,科学,中国",3  
426,大海豪情 巾帼建功（时代先锋）,2010-03-07,"张丽丽,工程,建设",16  
427,下岗劳模李翠花（巾帼风采）,1997-10-20,"李翠花,下岗,劳模",11  
428,我巾帼小将摘取团体全能桂冠,1993-12-09,"中国,比赛,第二名",4  
429,巾帼胜须眉 只身走非洲,1993-09-04,"大陆,庆典,丹吉尔",6  
430,铁流劲旅中的巾帼们,1996-09-25,"长征,铁流劲旅,战士",11  
431,“大墙内”的巾帼建功者,2003-03-14,"“大墙内”,教育,谈话",11  
432,燕赵巾帼『拉手』歌（扶贫攻坚）,1998-09-05,"济困,妇女,人口",7  
433,大山深处播种希望（巾帼风采）,1998-06-06,"大山深处,深处播种希望,学生",7  
434,油海红花 巾帼建功(时代先锋),2011-03-08,"尤立红,比赛,技能大赛",14  
435,巾帼神射手李对红墨城报捷,1987-04-04,"李对红,第一名,比赛",4  
436,巾帼“棋痴”芮乃伟,2005-12-23,"芮乃伟,比赛,“棋痴”",12  
437,西安卫星测控中心巾帼建功,1995-10-16,"西安卫星测控中心,专业,科技成果",5  
438,建设新农村　巾帼立新功,2006-02-19,"农村,建设,妇女",7  
439,租地排大戏舞台颂巾帼,1995-05-07,"中国青年艺术剧院,交战,《战地玉人魂》",4  
440,巾帼医家第一人,1990-04-15,"病人,常愧,医药",8  
441,巾帼神枪手　虎年脱颖出,1986-03-14,"比赛,牟燕梅,重庆市射击队",3  
442,南非巾帼英雄再次举行示威,1959-11-06,"抗议,非洲妇女,示威",6  
443,冰城三巾帼勇斗持枪歹徒,1988-11-25,"持枪歹徒,张国珍,杜晓春",4  
444,巾帼添彩　十月秋盛,2008-10-29,"十月秋,妇女,代表",5  
445,巾帼科技尖兵的战场目光（定格）,2014-03-23,"科技,装备,中国空军八一飞行表演队",6  
446,巾帼神枪手 靶场传喜讯,1981-10-12,"世界纪录,巫兰英,冯梅梅",4  
447,中国巾帼故事感动维也纳观众,2008-09-01,"维也纳国家歌剧院,故事,《木兰诗篇》",6  
448,柔道巾帼漂亮逆转（奥运之星）,2008-08-16,"奥运会,第一名,佟文",1  
449,巾帼魅力尽显越野场,2005-03-09,"教练员,运动,展览",11  
450,巾帼骑士再创佳绩（超越之星）,2008-09-11,"成绩,比赛,菲·约翰逊",5  
451,下岗军嫂张玫（巾帼风采）,1997-12-15,"军嫂,张玫,下岗",11  
452,巾帼巧手绣三峡,2001-03-08,"工程建设,三峡工程,交战",4  
453,巾帼对弈达卡 棋手争夺激烈,1985-11-25,"比赛,阿奴巴玛·阿,宁春红",3  
454,巾帼“孺子牛”（时代先锋）,2007-01-03,"“孺子牛”,段玉珍,低保",4  
455,巾帼神探 侠骨柔情（时代先锋）,2012-05-17,"张娟,遗体,群众",5  
456,她们——职场巾帼 不让须眉,2007-03-08,"德鲁·吉尔平·福斯特,美国哈佛大学,厨师",10  
457,将军书画展举办,2010-12-04,"将军书画展,民族文化,纪念",8  
458,全国短道汽车拉力赛山西站结束,2005-09-30,"全国短道汽车拉力赛,比赛,闭幕",12  
459,首都６００名门球女杰挥杆角逐,1988-03-14,"“紫罗兰”,中国,运动",3  
460,信 息,1997-11-17,"“巾帼桥”,家庭暴力,社会稳定",11  
461,人民日报社召开首次妇代会,1993-03-07,"妇代会,首创,“巾帼建功”",3  
462,“帮你一把富起来”丛书发行,2001-03-26,"“帮你一把富起来”,发行,全国农村妇女科技指导中心",6  
463,喜剧故事《穆桂英休夫》（图片）,1996-03-02,"《穆桂英休夫》,喜剧故事,“八个婆婆八根筋”",7  
464,秀创意,2017-06-08,"文化,民族,创意",11  
465,黑龙江戏剧展演首都舞台,1994-06-22,"戏剧,展演,《木兰传奇》",8  
466,北京呼家楼妇女工作重文化,2002-03-19,"妇女工作,文化,道德",6  
467,全国公安女篮联赛在柳州举行,1992-11-24,"全国公安女篮,比赛,广西共八支巾帼女篮",4  
468,中直举办女职工先进事迹报告会,1999-02-26,"事迹报告会,先进事迹,建设",3  
469,柯琴芳抗洪救人牺牲被追认为革命烈士,1998-09-16,"柯琴芳,牺牲,追记荣誉",3  
470,新疆军区近千名女军人立功,1995-02-21,"新疆军区,红旗手,成绩",3  
471,图片报道,2017-05-24,"创业,培训,就业",11  
472,英雄颂（二首）,2003-06-10,传染病,16  
473,往昔精神再现（留言板）,2004-08-30,"往昔精神,手机,女排",10  
474,“爱祖国万人万米书画长卷”开笔,1995-08-20,"人万,纪念活动,《巾帼英雄卷》",4  
475,全国女子举重锦标赛佳音频传,1990-05-23,"举重锦标赛,女子举重,世界纪录",3  
476,绣园林,2013-09-30,"刺绣艺术,拙政园,文化遗产",6  
477,图片报道,2003-02-13,"下岗女工,再就业,生产",16  
478,图片报道,2009-07-09,"“女大学生创业导师”,“巾帼创业行动”,“创业导师”",2  
479,图片报道,2002-04-20,"纳税人,残疾人,系统",5  
480,全国汽车场地越野锦标赛落幕(体坛速递),2012-05-29,"汽车场地越野,越野锦标赛,闭幕",15  
481,女子举重大丰收,1988-05-12,"女子举重,举重锦标赛,世界纪录",3  
482,６１名全国优秀女企业家受表彰,1994-07-10,"表彰,中国女企业家协会,“巾帼建功”",2  
483,技能培训送到家门口,2011-03-20,"培训,妇女,“巾帼家政服务工程”",7  
484,李春霞自办家庭科技图书室,1991-12-29,"自办家庭科技,科技图书室,李春霞",5  
485,松滋公路段教育职工爱岗敬业,1996-04-22,"公路,爱岗敬业,职工",3  
486,图片报道,2012-05-22,,18  
487,科普知识进车厢,2004-07-08,"科普,因特网,群众",14  
488,飞跃杯女子足球邀请赛结束,1985-05-16,"女子足球,邀请赛,辽宁队",3  
489,海南教育：从根儿上消除贫困（在一线）,2017-07-27,"教育,学校,济困",18  
490,党建带妇建　撑起半边天,2010-09-07,"妇女,创先争优,半边天",18  
491,风浪中让我们携手同行（专稿）,1998-09-05,"妇女,后方,交战",7  
492,挑战极限竞风流,2006-07-05,"青藏高原,气候,女工",2  
493,我国妇女事业快速发展,1997-09-18,"中国,妇女事业,妇女工作",2  
494,全国妇联举行新闻发布会,1992-02-21,"新闻发布会,妇女,农村",3  
495,《海誓》壮豪情 艺坛生新华,1995-01-14,"《海誓》,沈扬眉,高山族",12  
496,西北边陲的大校夫妻,1994-11-29,"西北边陲,夫妇,龚惠芸",3  
497,中直机关召开庆“五一”先进代表座谈会,1994-04-27,"代表,中直机关,座谈会",4  
498,第九届亚洲最佳运动员评出,1994-03-22,"最佳运动员,中国体育记者协会,《体坛纵横》",2  
499,“下岗人”当“领头雁”,1998-04-30,"“领头雁”,“下岗人”,李发成",2  
500,开封豫剧团在京演出,1982-05-02,"开封市豫剧团,樊梨花,《爱情的审判》",5  
501,首届北京—拉萨摩托车拉力赛开赛,1995-08-09,"拉萨摩托车拉力赛,首届北京,天安门广场",8  
502,国门警花,2003-10-22,"福建福州机场边防检查站,“女子旅检科”,“全国三八红旗集体”",13  
503,南京军区表彰二十名军人好妻子,1994-01-18,"军人好妻子,表彰,“光荣匾”",3  
504,别样童年（新视野）,2006-05-31,"康复训练,教师,交流",10  
505,值班女工,2006-03-21,"值班女工,管道,劳动",15  
506,全国围棋个人锦标赛弈过半程,1991-09-12,"个人锦标赛,围棋个人,形势",4  
507,别开生面的“三八”晚会（看台人语）,2000-03-17,"别开生面,“三八”晚会,历史",12  
508,我党久经考验的共产主义战士著名戏剧教育家李伯钊同志,1985-04-21,"李伯钊,共产主义,戏剧",4  
509,帮助贫困妇女解决燃眉之急,2002-02-08,"妇女,燃眉之急,通知",2  
510,第四届全国十大绿化女状元,2006-02-19,"江西珊娜果业有限公司,绿化,示范基地",7  
511,女性撑起新中国体育半壁江山,2005-03-08,"体育,半壁江山,第一名",10  
512,眉佳“三部曲”（艺文短镜头）,2000-07-29,"“三部曲”,“眉佳的成长三部曲”,《接风洗尘》",5  
513,北京举行“花木兰文化艺术笔会”,1996-08-18,"花木兰,文化艺术笔会,亚洲电视艺术中心",4  
514,白衣天使的除夕夜,2001-01-24,"除夕夜,周玲静,“年夜饭”",2  
515,农行学“二兰”双先电话表彰会召开,1991-03-13,"“二兰”,电话表彰会,演说",2  
516,“红色家园”征文评奖揭晓,2017-03-22,"“红色家园”,《去成都看红军哥哥》,《长征前夕的密报》",24  
517,《中国女排在郴州》出版,1998-10-08,"《中国女排在郴州》,出版,基地",8  
518,上海游泳世锦赛 美国队菲尔普斯罗切特领衔(体坛速递),2011-01-22,"菲尔普斯罗切特,游泳世锦赛,上海游泳",6  
519,且看巨人陈月芳和谢苗诺娃如何斗法,1984-06-23,"谢苗诺娃,陈月芳,中国女篮",3  
520,图片报道,2012-05-16,,18  
521,新四军部分老同志在京聚会,1991-12-27,"老同志,《中原女战士》,革命传统教育",3  
522,长春千名下岗女工　创家政服务“品牌”（图文广角）,2004-03-05,"下岗女工,家政服务,“品牌”",2  
523,“攀登杯”短跑道速滑赛在长春开始,1987-12-20,"“攀登杯”,长春开始,比赛",3  
524,重新修建的秋瑾立像墓竣工,1981-10-13,"秋瑾,“鉴湖女侠千古”,“巾帼英雄”",4  
525,交响音乐《木兰诗篇》赴林肯艺术中心,2005-09-15,"《木兰诗篇》,林肯艺术中心,交响音乐",9  
526,八位勇士走艰难古道,2004-05-12,"“穿越中国陆路边境”,“重走长征路”,“巾帼闯天关”",9  
527,《特殊连队》在瑞金开拍,1990-12-01,"《特殊连队》,红军,《巾帼列传》",4  
528,中国队获国际警察体育五项赛女团冠军,1993-09-27,"第一名,警察体育,国际",4  
529,石家庄市营造“城市森林”,2000-03-13,"“城市森林”,“红领巾林”,“巾帼林”",1  
530,２８０名妇女获全国“三八”红旗手称号,1998-02-26,"“三八”红旗手,妇女,决定",3  
531,向全军女官兵致以节日祝贺,2013-08-02,"官兵,庆典,节日",6  
532,大龄下岗职工的带头人,2003-11-17,"下岗职工,带头人,江苏省睢宁四通色纺厂",15  
533,下岗女工练好技艺就业宽,2003-04-06,"就业,下岗女工,社区",5  
534,田径孙英杰转场再战乒网上演强强对话（今日看点）,2005-10-17,"孙英杰,强强对话,乒乓球",12  
535,国际排联授予郎平最佳教练称号,1997-04-19,"最佳教练称号,国际排联,通知",4  
536,首届世界女足锦标赛开赛在即,1991-11-13,"锦标赛,女足,飞机",4  
537,长霞礼赞（五首）,2004-06-17,悲君,11  
538,宁夏保姆将持证上岗,2004-04-01,"持证上岗,家政服务,就业",10  
539,中国女棋手谢军在国际象棋区际赛中保持领先,1990-07-14,"棋手谢军,国际象棋,比赛",4  
540,“代理妈妈”情意真,2007-11-01,"“代理妈妈”,儿童,母亲",13  
541,有你有晴天,2013-10-27,"社区女子舞蹈队,“妇女之家”,委社区妇联",2  
542,全国三八红旗手（集体）表彰大会召开,2012-03-08,"国务院妇女儿童工作委员会,表彰,三八红旗手",4  
543,体坛速递,2009-05-20,"国际,巾帼健身大赛,比赛",12  
544,把妇女工作全面推向新阶段,1998-03-08,"妇女工作,建设,评论员",4  
545,充分发挥妇女在精神文明建设中的作用,1997-09-29,"建设,精神文明,妇女",11  
546,哈尔滨“妇联家政”促下岗女工再就业（迎难而上促就业）,2003-07-30,"下岗,就业,“妇联家政”",4  
547,辽宁 下岗女工进“农”门（自强篇）,1998-06-06,"下岗女工,农村,生产",7  
548,培训进村寨 阿婶出深山（改革追踪看落实）,2016-04-24,"培训,大篷车,阿婶",3  
549,女儿当自强,1993-10-07,"女儿当自强,妇女,中国",3  
550,中国妇女第十一次全国代表大会闭幕,2013-11-01,"妇女,全国代表大会,闭幕",4  
551,为年轻的梦想铺路,2012-03-04,"创业实践基地,中国女企业家协会,贷款",4  
552,走出家门闯天下（贯彻实施《中国妇女发展纲要》《中国儿童发展纲要》）,2004-07-16,"妇女,农村,《中国儿童发展纲要》",14  
553,四川三百一十万农村妇女脱贫 青海“三下乡”让农牧民得实惠,2002-03-18,"妇女,农村,脱贫",4  
554,女军人再担重任（远望台）,2011-11-25,"军队建设发展,社会文明进步,文化",20  
555,陈慕华在全国妇联常委会上指出妇联要围绕中心任务做好城市妇女工作,1996-06-17,"城市妇女工作,中心任务,城市改革",3  
556,镜头对准现实生活,1991-08-30,"对准现实生活,北京电视艺术中心,《钟鼓楼》",5  
557,“长治好人”　感召太行,2012-02-29,"“长治好人”,感召太行,山西省长治市",12  
558,做党忠诚可靠的传令兵,2011-07-29,"传令兵,慰问,解放军总参",4  
559,目光追踪她们（茶楼）,1999-07-29,"追踪她们,女足,比赛",12  
560,首都各界妇女纪念“三八”国际劳动妇女节９７周年暨表彰大会在京举行,2007-03-01,"妇女,表彰,“三八”国际",2  
561,团结动员广大妇女为实现“十一五”规划更好地发挥妇女“半边天”作用,2005-12-14,"妇女,“十一五”规划,团结动员",4  
562,芬芳腊梅映铁骑,2004-03-23,"张克芳,国防科研,措施",10  
563,简讯,1995-12-11,"北京海淀区教育委员会,浙江慈溪市徐福研究会,科普",5  
564,简讯,2003-08-12,"旅游,火车,合作",6  
565,中国女排载誉回到北京,1982-10-02,"中国女排,首都机场,教练员",1  
566,多姿的“梁红玉”,1996-01-14,"毛素欣,“梁红玉”,金山一场戏",4  
567,第一位女拖拉机手梁军的燃情岁月（我和我的祖国）,2009-07-13,"拖拉机队,梁军,农业现代化",9  
568,肩负新使命　实现新跨越,2008-10-28,"建设,妇女,维权",11  
569,云艳红破一项亚洲纪录,1994-04-27,"亚洲纪录,云艳红,比赛",4  
570,神九！神九！,2012-06-20,"航天,对接,红旗",24  
571,志愿服务城乡一体化,2012-06-11,"一体化,志愿者协会,志愿者",14  
572,博士夫妻的信息化情怀（定格）,2012-02-24,"夫妇,博士夫妻,信息化",20  
573,少年游（五首）,1984-11-07,"坚持,举重,女排",8  
574,海峡论坛·海峡妇女论坛开幕,2015-06-15,"海峡妇女论坛,开幕,海峡论坛",9  
575,蚂蚁微贷 助力女性互联网创业(财经短波),2015-02-02,"因特网,蚂蚁微贷,女性互联网",18  
576,大力促进妇女群众依靠科技创业致富,2009-05-10,"创业,妇女群众,科技",4  
577,“年轻妈妈读书活动”表彰会举行,1997-05-11,"“年轻妈妈读书活动”,表彰会,“十佳年轻妈妈”",2  
578,湘潭国税局女干部大显身手,1996-09-13,"湘潭国税局,湖南省湘潭市国税局,领导干部",3  
579,民运会首日比赛精彩纷呈,1995-11-07,"比赛精彩纷呈,民运会,成绩",8  
580,西华妇女兴县富民撑起『半边天』,1995-09-14,"妇女,半边天,“双学双比”",5  
581,谢军积极准备卫冕,1995-06-07,"中国棋院李成智图书馆,国际,第一名",8  
582,北京市公安局“警察文化节”开幕,2002-03-11,"北京市公安局,“警察文化节”,文化建设",11  
583,全国妇联常委扩大会议闭幕,2017-08-04,"常委扩大会议,闭幕,演说",9  
584,做好培养选拔女干部工作,2013-06-19,"干部工作,培养选拔,妇女干部",4  
585,生命之春（抗击非典英雄之歌）,2003-06-13,"非典,生命之春,第一线",16  
586,广岛亚运会今日赛事热点,1994-10-03,"亚运会,比赛,广岛",4  
587,“半边天”助力拔穷根,2016-11-24,"半边天,助力,溧阳市妇联",11  
588,执法如山金桂兰,2006-04-07,"金桂兰,执法如山,案件",15  
589,下岗女工蔡春香光荣入党,1997-06-09,"蔡春香,下岗女工蔡,下岗职工",3  
590,编者按,2008-10-28,"妇女,编者按,创新",11  
591,钱宇平杨晖王群三人杀出重围,1989-02-23,"钱宇平,杨晖,决定",4  
592,图片新闻,1993-03-09,"旅客,“110”环路,电影演员",3  
593,中央国家机关举办“庆七一、迎回归”音乐会,1997-06-26,"中央国家机关,“庆七一、迎回归”,中央民族乐团",4  
594,中国女队获团体冠军,1991-10-07,"第一名,中国女队,团体冠军",4  
595,电视剧《特殊连队》即将播出,1991-06-09,"《特殊连队》,播出,电视剧",4  
596,成败皆英雄（留言板）,2004-08-16,"运动员,第一名,奥运会",10  
597,亚洲女子乒乓球明星赛陈静夺冠,1995-12-18,"亚洲女子乒乓球明星赛,陈静,夺冠",8  
598,“中国武警十大忠诚卫士”评选在京揭晓,2004-05-29,"武警,忠诚卫士,评选",4  
599,沈跃跃看望慰问蹇先佛、王厉生、陈其三位女红军,2016-07-29,"慰问,红军,王厉生",9  
600,无题有感,1964-06-06,"人物,《洪湖赤卫队》,《红灯记》",6  
601,全国妇联举行理论研讨会,1998-12-16,"理论研讨会,邓小平理论,三中全会",5  
602,邹城城区国税分局力行“三个代表”,2002-04-04,"三个代表,邹城城区国税分局,文化",6  
603,北大方正杯七运之光摄影比赛揭晓,1993-10-27,"北大方正,王瑞林,王洪",4  
604,我国女排途经纽约受到华侨热烈欢迎,1982-09-30,"中国,纽约,华侨",6  
605,《木兰诗篇》西部巡演丝绸之路讲述中国传奇,2015-11-18,"《木兰诗篇》,巡演,歌剧",14  
606,我女选手扬威残奥会,1992-09-09,"扬威,世界纪录,乒乓球",1  
607,边境城市经贸旅游节内容丰富,2001-02-13,"边境城市,旅游,经贸",12  
608,“挨铡刀的”是谁？（看台人语）,2000-09-01,"“挨铡刀的”,“欢乐总动员”,“巾帼不让须眉”",12  
609,《血染的丰碑》全国巡展,2005-03-18,"《血染的丰碑》,浙江省新四军研究会,巡展",16  
610,全国女子举重赛成果丰硕,1991-04-10,"全国女子举重赛,成果,比赛",3  
611,全国各族各界妇女向任长霞学习,2004-06-09,"任长霞,妇女,“全国三八红旗手”",4  
612,短跑新星田玉梅,1986-03-23,"田玉梅,新星,比赛",3  
613,天津开展农村妇女技能培训,2018-05-23,"农村妇女,培训,妇女学",23  
614,楼上安居 楼下就业,2017-11-16,"楼上安居,楼下就业,社区",13  
615,网友寄语神十,2013-06-11,会晤,4  
616,厦门女子足球邀请赛明年一月举行,1988-11-30,"女子足球,邀请赛,中国足球协会",3  
617,全国汽车拉力赛北京站比赛将举行,2003-08-09,"全国汽车拉力赛,北京站比赛,北京市海淀区人民政府",3  
618,空军评出十大杰出青年,2002-06-15,"大青年,“空军十大杰出青年”,职务调整",2  
619,“彩礼”——荒山,1984-04-28,"荒山,“彩礼”,青年",1  
620,重庆丰都：以实效凝聚人心,2001-08-02,"群众,移民,“优秀专业技术人员”",11  
621,聂卫平过关斩将,1991-02-11,"“天元”,钱宇平,马晓春",4  
622,艺文短波,1986-06-21,"《金销记·羊肚》,《浣纱记·回营》,《驼龙传奇》",8  
623,第六届全运会蹼泳预赛落幕,1987-05-06,"全运会蹼泳,蹼泳预赛,闭幕",3  
624,各界妇女纪念中国人民抗日战争胜利70周年座谈会举行,2015-09-08,"妇女,抗日战争,座谈会",9  
625,中宣部全国妇联公布十位“最美女性”事迹,2015-03-09,"颁布,“最美女性”,中宣部",6  
626,《将帅夫人传》在京首发,1995-08-25,"《将帅夫人传》,中国,北方妇女儿童出版社",5  
627,社会主义精神文明建设丛书受欢迎,1986-11-20,"社会主义精神文明,精神文明建设,先进事迹",3  
628,秋瑾提倡读史爱国,1989-08-27,"读史爱国,历史,人物",8  
629,赵鑫鑫唐丹分获男女桂冠,2007-09-17,"赵鑫鑫唐,象棋,唐丹",12  
630,服务为民交警情,2002-09-18,"河北唐山公安交警支队,群众,交警大队城区中队",9  
631,两岸妇女厦门交流绿色发展,2018-06-07,"妇女,交流,绿色发展",9  
632,群众点单　法律援助,2015-01-09,"法律援助,群众,江苏淮安市司法局",11  
633,全国汽车拉力赛长春站比赛将举行,2003-07-10,"全国汽车拉力赛,长春站比赛,参赛",8  
634,春来气象新,2003-04-05,"静摄,下岗,失业妇女",6  
635,全国汽车拉力赛将在上海揭幕,2003-03-17,"全国汽车拉力赛,揭碑,佳通轮胎车队",12  
636,亚洲现代五项锦标赛揭幕,1993-10-23,"亚洲现代,比赛,揭碑",4  
637,中建院科研开发双丰收,1993-02-08,"科研,开发双丰收,产品",2  
638,全国女子摩托车远征队伍启程,1992-09-09,"女子摩托车队,金刚石,质量",4  
639,庆祝“三八”国际劳动妇女节８７周年,1997-03-08,"庆典,“三八”国际,纪念活动",2  
640,《春满中原》满目春风,2000-11-25,"《春满中原》,农村,农民",5  
641,工作达标与牌子达标,1992-01-14,"工作达标,企业,“企管达标”",5  
642,广东车手成为最大赢家,2004-12-21,"第一名,赢家,佛山赛协华昌",12  
643,我国首位女飞行特警亮相南京（图文广角）,2004-12-09,"中国,摄影,南京市公安局",2  
644,我选手再破两项世界纪录,1996-05-11,"世界纪录,举重,中国",4  
645,女博士,1996-04-06,"高等院校,经济,产值",7  
646,中国短道速滑女将打破世界纪录,1999-11-02,"世界纪录,比赛,普罗沃",8  
647,大地书讯,1995-09-12,"陕西人民出版社,四川文艺出版社,《屈应超书法作品集》",12  
648,第一届全国舞龙比赛开始,1995-05-01,"比赛,舞龙队,“九龙腾飞”",2  
649,你，雕塑未来,1985-09-09,"雕塑,森林,信仰",8  
650,庆“三八”百年纪念活动在京举行,2010-03-05,"纪念活动,“三八”,职工",13  
651,北京人艺演出曹禺新作《王昭君》,1979-08-02,"《王昭君》,《胆剑篇》,话剧",4  
652,省区市妇联主席研讨班结业,2013-12-27,"省区市妇联,研讨班结业,演说",6  
653,创新民族品牌 助推妇女创业,2013-05-10,"妇女,民族,创新",11  
654,超级短道汽车赛结束,2003-11-19,"超级短道,北京市海淀区人民政府,中国汽车运动联合会",12  
655,世界军运会中国射击选手金牌大丰收,2007-10-18,"金牌大丰收,运动会,海得拉巴",10  
656,女骑警风采,2002-04-10,"“职业道德百佳班组”,“巾帼文明示范岗”,首长",10  
657,志愿服务（和谐社会）,2006-10-11,"和谐社会,志愿服务,志愿者",15  
658,侨女风采,1993-11-15,"“全国巾帼建功标兵”,“全国优秀女企业家”,华日冰箱厂",4  
659,为农民印制中堂屏画和条幅,1981-12-06,"农民,屏画,数据库",4  
660,留言板,2004-08-13,"女足,奥运会,比赛",10  
661,墨西哥城世界杯射击赛开幕,1991-03-12,"世界杯射击,开幕,比赛",4  
662,临澧女党员大显身手,1995-10-10,"农村,先锋模范作用,成年妇女",11  
663,《蔡畅传》《邓颖超革命活动七十年大事记》等出版,1990-03-16,"出版,《蔡畅传》,大事记",1  
664,“美丽女性·幸福家庭”维汉双语丛书出版座谈会在京举行,2015-09-24,"出版座谈会,维汉双,幸福家庭",15  
665,图片报道,2018-01-02,,17  
666,特殊战场的美丽天使（定格）,2014-12-07,"战场,“超级病毒”,传染病",6  
667,全国大学生运动会进入尾声,1988-08-30,"大学生运动会,比赛,艺术体操",3  
668,全国妇联邀请优秀女企业家座谈,1994-07-10,"座谈会,出席,妇女",3  
669,亚洲现代五项锦标赛我女将夺魁,1993-10-26,"亚洲现代,夺冠,中华台北队",4  
670,全国妇联倡导“家庭低碳计划十五件实事”,2012-06-06,"家庭低碳计划,规划,倡议",13  
671,“我想听听国歌”,1984-08-04,"“我想听听国歌”,吴小旋,奥运会",1  
672,全国汽车拉力赛首站赛事落幕,2001-03-13,"全国汽车拉力赛,首站赛事,闭幕",8  
673,悼康克清同志,1992-05-11,"康克清同志,红军,斗争",8  
674,『绿丹兰杯』征文获奖篇目,1996-11-20,"绿丹兰,颁布,红军",11  
675,广州 治脏乱 塑形象,1999-09-09,"志愿者,团市委,整治",3  
676,国家体委向西藏登山健儿颁发荣誉奖章,1995-05-18,"登山健儿颁发,颁布,奖章",8  
677,我国女力士超三项世界举重纪录,1988-04-25,"中国,举重纪录,世界纪录",3  
678,１７部门联手提高农民科学素质,2007-03-24,"农民科学素质,培训,科技",1  
679,井冈山斗争走上银幕,1993-11-03,"斗争,诞辰纪念,纪念活动",8  
680,木兰祠在虞城重现光彩,1996-05-28,"木兰祠,重现光彩,“孝烈将军”",5  
681,艺坛星踪,2000-03-03,"艺术,军队,音乐电视",12  
682,张露萍烈士塑像在四川崇庆落成,1986-01-15,"烈士,塑像,张露萍",4  
683,发挥妇联组织作用推进新疆跨越式发展和长治久安,2010-07-15,"妇联组织,长治久安,妇女",13  
684,女力士７８人次超亚洲纪录 自行车打破两项全国纪录,1993-09-09,"全国纪录,亚洲纪录,比赛",4  
685,投身伟大时代　建设美好家园,2010-03-08,"妇女,建设,中国",14  
686,在中国特色社会主义伟大实践中撑起半边天,2013-10-29,"中国特色社会主义,妇女,实践",2  
687,在经济建设主战场发挥妇女的“半边天”作用,1992-03-08,"妇女,经济建设,半边天",3  
688,投身伟大时代　建设美好家园,2010-03-08,"妇女,建设,中国",15  
689,《华夏妇女名人词典》出版,1988-03-07,"《华夏妇女名人词典》,出版,“三八”国际",3  
690,全国十佳运动员评选揭晓,1996-03-12,"评选,十佳运动员,康威体育用品有限公司",8  
691,中国队获女团第一名,1994-11-28,"第一名,中国队,女团",4  
692,飞碟多向射击高娥身手不凡,1988-04-16,"不明飞行物,飞碟多向,高娥",4  
693,勇夺世锦赛五枚金牌,1996-05-08,"青年,陈小敏,第一名",8  
694,中国选手马湘君获法国金鸡国际射箭比赛女子个人冠军,1986-05-13,"射箭比赛女子,比赛女子个人,中法关系",3  
695,谢军胜徐俊暂居次席,1993-03-24,"比赛,国际,肖冠军",4  
696,真情如水润心田（群策群力 抗旱救灾　抗旱故事）,2010-03-30,"抗旱救灾,卢振兴,故事",5  
697,和谐中国　青春中国　亮丽中国（红船观澜）,2012-10-19,"青年,群众,创新",5  
698,尽展巾帼风采　再铸时代辉煌,2006-03-04,"妇女,建设,“十一五”",10  
699,兴国县经纪人中巾帼多,1993-02-15,"经纪人,农副产品,调查",1  
700,促进社会发展　尽显巾帼风采,2000-03-07,"社会发展,“三八”红旗,公园",11  
701,巾帼力士气定神闲（风动五环）,2008-08-16,"奥运会,比赛,曹磊",5  
702,我泳坛巾帼首次闯入奥运会决赛,1988-09-19,"奥运会,成绩,首创",4  
703,举重场巾帼显威　新纪录瞬间作古,2008-09-11,"举重,纪录瞬间,法蒂玛·奥马尔·奥马尔",6  
704,巾帼敢缚“核蛟龙”（强军路上）,2015-03-22,"“核蛟龙”,胡海燕,专业",6  
705,焊花闪耀巾帼风采（十八大代表风采录）,2012-09-22,"中国南车股份有限公司,欧清莲,代表",5  
706,巾帼爱心传递 情系灾区儿童,2008-05-31,"灾区儿童,爱心传递,捐款",7  
707,侯逸凡 巾帼不让须眉,2012-02-03,"侯逸凡,比赛,马梅季亚洛夫",15  
708,八支巾帼劲旅角逐圣保罗,1989-08-09,"圣保罗,女篮,女篮冠军赛",4  
709,一个脚印一支歌（巾帼风采）,1998-04-04,"领导干部,青年,书记",7  
710,潍坊巾帼英才走上各级领导岗位,1995-06-19,"干部队伍建设,领导干部,人才",3  
711,牡丹花开别样红（巾帼风采）,1997-11-17,"牡丹花,艺术,“牡丹图”",11  
712,让我们永远在一起（巾帼园）,1999-02-25,"女工,天津梅兰日兰有限公司,我们永远",12  
713,为素质教育呕心沥血（巾帼风采）,1998-06-06,"素质教育,小学生,学校",7  
714,百年老校 芳香巾帼,1999-12-11,"云南省昆明女子中学,学校,教育",7  
715,我巾帼大力士再夺３枚金牌,1993-11-15,"中国,比赛,举重",4  
716,九十年代的巾帼风采,1997-08-18,"妇女,领导干部,中国",11  
717,巾帼力士接连报捷　竞相赶超世界纪录,1990-05-17,"世界纪录,比赛,成绩",3  
718,昂首面向新世纪（巾帼成才行动）,1999-03-11,"妇女参政,领导干部,妇女干部",12  
719,巾帼武英第一名,1985-06-16,"第一名,山东武术队,张玉萍",3  
720,韩瑞芬再立新功（巾帼风采）,1998-03-07,"韩瑞芬,军区司令部,计划生育",7  
721,津门巾帼分区赛初赛见端倪,1993-03-15,"分区赛,第一名,人选",4  
722,巾帼力士再创５项全国纪录,1992-03-31,"全国纪录,比赛,世界纪录",3  
723,冠县第二棉厂开展“巾帼建功”活动,1992-03-04,"冠县第二棉厂,“巾帼建功”,合理化建议",2  
724,中国农村巾帼书画展作品选,1996-01-18,农村,11  
725,七名巾帼力士勇攀世界高峰,1987-12-24,"比赛,女子举重,达尔美",3  
726,中美绿茵巾帼激战津门客队获胜,1987-08-04,"中美关系,中国队,美国队",3  
727,中国女足抵达马来西亚古晋,1993-12-02,"中马关系,女足,古晋",4  
728,亚运体育场馆大门陆续敞开,1990-09-17,"体育场馆,比赛,西山射击场",4  
729,意气风发迈向新世纪,1999-04-02,"新世纪,中华全国民主妇女联合会,坚持",1  
730,意气风发迈向新世纪,1999-04-02,"新世纪,中华全国民主妇女联合会,坚持",3  
731,“阳光大姐”注册商标 “爱心大姐”频遭假冒,2003-03-24,"“爱心大姐”,“阳光大姐”,商标",5  
732,给钟玉征教授记一等功,1992-12-23,"钟玉征,联合国化学裁军委员会,科研",1  
733,《壮岁集》跋,1997-07-04,"《壮岁集》,《往日集》,于此际",11  
734,新闻图像链接,2005-04-15,"nbsp,新闻,文明礼仪伴",16  
735,特殊竞赛,1996-07-21,"特殊竞赛,福建省社会主义学院,妇女",1  
736,《今日世界妇女》图片展开幕,1995-09-03,"《今日世界妇女》,开幕,图片展",4  
737,东航“凌燕”文明服务受表彰,1999-05-05,"“凌燕”,表彰,文化",3  
738,创造良好的社会氛围,1994-09-25,"创新,爱国主义教育,社会氛围",3  
739,全国先进女职工集体和个人表彰大会举行,2015-03-03,"个人表彰大会,表彰先进,全总书记处",4  
740,帮助农村妇女增收致富,2002-01-18,"帮助农村妇女,农村妇女增收,妇女增收致富",6  
741,报友说报,2006-06-20,"党委,“常委”,乡镇",13  
742,亚洲青年举重锦标赛揭幕庐山,2001-04-09,"举重锦标赛,亚洲青年举重,庐山",8  
743,峨眉今日更妩媚,1996-07-16,"峨眉山市,文化,文明城市活动",4  
744,利用高新技术发展外向型企业　怡华公司高起点引进成效显著,1991-04-22,"外向型企业,高起点引进,高新技术",2  
745,希望的花朵　北京喜相逢,2004-06-09,"山西省希望小学,小学代表队,天安门广场",8  
746,抗日民族女英雄李林牺牲四十五周年,1985-04-27,"李林,民族,牺牲",4  
747,中日太极拳比赛交流大会即将举行,1988-03-19,"比赛,中日关系,日本武术太极拳联盟",3  
748,欧阳琦琳获冠军,2003-04-20,"欧阳琦琳,第一名,赵冠芳",8  
749,女飞行员首次单飞歼—10,2012-08-16,"首创,中国,单飞",2  
750,强者的路,1992-08-22,"病人,青年,母亲",7  
751,全国农村妇女“双学双比”活动取得新发展,1997-01-16,"“双学双比”,农村妇女,文化科技素质",3  
752,女子举重在宝岛,1995-11-23,"中国台北女子举重集训队,世界纪录,资本",8  
753,广东舞蹈教育结硕果,1999-07-09,"舞蹈,成果,教育",9  
754,郎平结婚了,1986-10-31,"北京饭店,白帆,国际关系",3  
755,“三八”国际妇女节中外妇女招待会举行,2016-03-08,"妇女,招待会,“三八”国际",4  
756,群众喝上放心水（春节基层行　秉笔写真情）,2010-02-18,"春节,群众,写真",1  
757,福建 419项健身比赛为节日助兴,2009-01-20,"健身比赛,419项,体育",12  
758,觅新星,1993-09-10,"新星,人才,体育",4  
759,送去一片心意　企望多创佳绩,1988-08-19,"中国体育代表团,奥运会,运动员",3  
760,全国女子举重锦标赛降下帷幕,1994-04-30,"女子举重,举重锦标赛,比赛",3  
761,“社区服务有干头”,2002-05-08,"“社区服务有干头”,李林杰,金碧社区服务中心",5  
762,平等、发展与和平,1993-03-08,"妇女,国际,“平等、发展与和平”",7  
763,洪学智看望中国女子垒球队和手球队,1996-07-11,"中国女子垒球队,手球队,慰问",8  
764,“中华妇女网上行推进活动”启动,2004-05-23,"中华妇女,网络,“百万家庭上网工程”",4  
765,亚运会大量增设女子项目,1986-08-21,"亚运会,女子项目,奥运会",3  
766,全运会武术预赛竞争激烈,1987-06-09,"武术,全运会,竞争",3  
767,历史的新跨越,2003-08-24,"妇女,全国代表大会,历史",6  
768,教育系统先进集体和先进个人受表彰,2007-09-10,"表彰先进,教育系统,先进集体",4  
769,枕边当吹廉正风,1998-02-07,"枕边,领导干部,家属",7  
770,上海掀起帮困高潮,1997-02-10,"企业,街道,补贴",2  
771,春节播放一批优秀电视剧,1991-02-12,"春节,优秀电视剧,电视连续剧",4  
772,纪念抗战胜利60周年,2005-05-10,"纪念,彭湃,李大钊",15  
773,高尚的追求（短评）,1995-06-15,"短评,军人,社会主义市场经济",3  
774,有女韧如丝(本色·十年),2012-09-24,"中国石化上海石化分公司,朱虹,代表",7  
775,全国十大诚实守信模范候选人 C46 袁淑梅,2007-09-01,"模范,候选人,美容",27  
776,宜昌运用本地典型进行思想教育,1994-10-23,"本地典型,思想政治教育,青年",3  
777,中国金牌总数暂居第一,1998-07-28,"不明飞行物,世界纪录,第二名",8  
778,推进妇联组织和妇女创先争优活动,2012-03-08,"妇女,创先争优,妇联组织",4  
779,充分发挥妇女在社会进步中的独特作用,2015-01-14,"妇女,独特作用,社会进步",4  
780,“英雄军事五项队”事迹座谈会举行,2010-09-16,"“英雄军事五项队”,座谈会,先进事迹",5  
781,小百花越剧节在杭举行,1994-09-21,"《梁山伯与祝英台》,中央电视台,艺术",4  
782,古城保定披绿装,1999-08-31,"古城保定,绿化,国庆",4  
783,推进妇联工作改革创新,2015-07-23,"工作改革创新,妇联工作改革,演说",2  
784,女子举重比赛落幕 中国夺金风卷残云,1994-10-06,"比赛,女子举重,世界纪录",4  
785,年轻一代英模群星璀璨,1998-07-26,"英模,人民解放军和武警部队,军队",2  
786,白求恩式的好医生赵雪芳逝世,1998-06-04,"去世,病人,人民群众",4  
787,宋庆龄颂,1982-06-03,"数据库,公文,纪念活动",8  
788,确定明年妇联工作总任务,1992-11-27,"全国妇联六届五次执委会,总任务,贯彻",3  
789,女子拳击进军北京奥运会希望渺茫,2005-05-15,"北京奥运会,女子拳击会,国际业余拳击联合会",3  
790,四项措施促大气环境质量改善,2013-06-06,"环境,空气,质量",4  
791,全国女职工岗位创新技能大赛 医疗护理项目总决赛在京举行,2012-11-08,"职工岗位创新,医疗护理项目,创新技能大赛",14  
792,北国女儿多英姿,1988-10-31,"北国女儿,世界纪录,青年",3  
793,不幸运的美国女篮球员,1989-02-14,"美国女篮,比赛,篮球",3  
794,第二届中国十大女杰受表彰,1998-08-20,"第二届,表彰大会,妇女",3  
795,全运会女足决战拉开帷幕,1993-09-07,"全运会,女足,比赛",4  
796,孙玳璋舞剧舞蹈晚会,1982-02-21,"孙玳璋,舞剧舞蹈晚会,舞蹈形象",5  
797,老将叶江川轻取冠军杯,1990-01-06,"北京国际象棋精英赛,天联商场,“天联杯”",3  
798,全国汽车拉力赛龙游站鸣金,2003-09-08,"全国汽车拉力赛,龙游,群众",8  
799,世界职业妇女大会开幕,2003-06-30,"职业妇女大会,经济,开幕式",7  
800,简讯,1994-02-07,"国际残疾人海上运动俱乐部,集团房屋建筑开发公司,中国",4  
801,小额贷款“一条龙”服务让妇女尝到“甜头”,2011-05-19,"妇女,贷款,“一条龙”",13  
802,明星聚集《寇老西儿》（影视窗）,1997-11-16,"《寇老西儿》,电影演员,影视",4  
803,全国竞走赛五女将破一项亚洲纪录,1993-02-20,"亚洲纪录,成绩,全运会",3  
804,鸭球,1991-11-16,"鸭球联合会,运动,比赛",7  
805,建瓯挑幡：力与美的结合（群众体育）,2004-05-23,"挑幡,力与美的结合,群众体育",7  
806,广大农村妇女要勇于创新拓宽致富门路,2004-02-27,"农村妇女,创新,致富门路",2  
807,余旭被批准为革命烈士,2016-11-16,"余旭,网友,不幸牺牲",4  
808,在实现中国梦的伟大实践中撑起妇女半边天（深入学习贯彻习近平同志系列讲话精神）,2013-12-11,"妇女,习近平同志,演说",7  
809,风雨兼程五十年,1999-04-03,"妇女工作,中华全国妇女联合会,妇女儿童工作委员会",6  
810,真情永恒,2010-11-20,"旅客,礼品,文化",8  
811,“在中国，妇女能顶半边天”,2018-03-09,"妇女,人民大会堂,艾滋病",21  
812,一双警惕的眼睛,1987-05-12,"高玉芬,妇女,罪犯",4  
813,促进妇女发展 共建社会和谐,2007-03-08,"妇女发展,历史,劳动",1  
814,“问不倒”·“问不恼”（劳动者之歌）,2007-01-28,"旅客,吕玉霜,“问不恼”",2  
815,纪念“三八”妇女节90周年大会举行,2000-03-08,"妇女,纪念大会,“三八”",1  
816,性别平等融入发展全过程（贯彻基本国策　实现性别平等）,2015-10-13,"基本国策,妇女,性别平等",19  
817,桥梁、纽带和支柱（人民论坛）,2008-10-31,"桥梁,妇女,改革",4  
818,全国诚实守信模范候选人,2009-06-19,"模范,蔡崇英,燕君芳",36  
819,高原女儿不逊男,1998-02-17,"妇女,逊男,陆良",12  
820,中国全力以赴为世界妇女大会作准备,1994-03-06,"妇女,全力以赴,丽塔·沃苏凯宁",1  
821,纪念“三八”妇女节90周年大会举行,2000-03-08,"妇女,纪念大会,“三八”",4  
822,希望的春潮,1998-02-07,"回乡创业,农村,市场经济",7  
823,八面来风,2005-04-10,"妇女,“背包银行”,技术",6  
824,研发路上不转向（时代先锋）,2017-05-01,"技术,曾艳梅,轨道交通",4  
825,继往开来 再创新业（社论）,1998-08-31,"全国妇女代表大会,中国,创新业",1  
826,让爱陪儿童留守,2016-05-31,"农村留守儿童,全国妇联儿童工作部,儿童留守",16  
827,那些最美的记忆（凝眸·十年）,2012-10-19,"民族,奥运会,蒋敏",12  
828,千方百计扩大再就业,2003-09-13,"再就业,担保,贷款",4  
829,这是我们的红色家园（红色家园）,2016-12-31,"历史,“红色家园”,长征",8  
830,“看到她，我们心里就温暖”（劳动者之歌）,2006-08-07,"明光村液化气站,我们心里,劳动者",2  
831,动员广大妇女参加两个文明建设,1996-11-23,"妇女,两个文明建设,动员",1  
832,与伟大祖国一道前进（社论）,2000-03-08,"妇女,社论,国际",1  
833,天津市和平区加强社区思想政治工作（加强和改进思想政治工作先进经验②）,2004-04-24,"社区,思想政治工作,天津市和平区",2  
834,警花独秀,1994-03-15,"刘玉琴,刑事案件,警察",10  
835,针线活绣出脱贫路（脱贫故事）,2016-11-18,"脱贫,妇女,家政服务",20  
836,和畅堂读秋瑾,2000-04-08,"侠秋瑾,女侠,民族",7  
837,各地党员干部认真学习任长霞先进事迹,2004-06-10,"任长霞,先进事迹,党员",4  
838,好闺蜜一起奉献一起美（青春派）,2015-09-29,"闺蜜,租赁,条约",19  
839,发展时代展亮丽人生,2003-08-22,"中国妇女发展基金会,亮丽人生,就业",4  
840,抗洪前线『娘子军』,1998-08-28,"抗洪前线,监利县丁家洲防汛指挥部,沿江",3  
841,今日女性尽展风采,2002-11-12,"妇女,今日女性,尽展风采",4  
842,景阳岗上的女民兵,1960-04-23,"景阳岗,民兵,钢铁姊妹",5  
843,居家养老的“西湖模式”,2011-12-27,"居家养老,“西湖模式”,机构",11  
844,社工进社区 服务更精细,2017-04-20,,13  
845,中国妇女是推动改革和建设的伟大力量,1991-03-08,"妇女,建设,改革",4  
846,“砥砺奋进的五年”大型成就展展板图片选登,2017-10-03,"“砥砺奋进的五年”,文化,生态文明",7  
847,我是女性我自豪（两会漫笔）,2003-03-07,"代表,农村,“我是女性我自豪”",6  
848,辽宁各级妇联帮助１０万女工谋新职,1994-08-07,"女工,下岗,妇女",3  
849,江南诗抄,1982-07-23,"君山,“楼外楼”,断桥",8  
850,志愿品牌创和谐邻里（志愿服务进行时）,2016-02-28,"社区,志愿品牌,志愿者",4  
851,志愿服务：以家庭的名义,2010-03-08,"志愿服务,家庭志愿者协会,机制",14  
852,加强妇联组织和妇女干部的能力建设 努力服务党和国家工作大局,2009-05-04,"妇女干部,建设,妇联组织",2  
853,体坛速递,2004-10-29,"格鲁吉亚队,中国国际象棋协会,第一名",12  
854,全军妇女先进代表座谈会举行,1990-03-09,"妇女,代表,座谈会",1  
855,游泳运动员正向“大型化”发展,1986-07-23,"游泳运动员,世界纪录,“大型化”",3  
856,全国妇联授予张丽莉等10人 全国三八红旗手标兵荣誉称号,2013-02-28,"标兵荣誉称号,三八红旗手,模范",4  
857,美与人性的使者(故事·十年),2012-10-19,"美与人性,中国残疾人艺术团,邰丽华",11  
858,广西扶助3万名贫困家庭大学生,2007-09-27,"贫困家庭,家庭大学生,赞助",1  
859,青岛兴起和谐家庭文明新风（道德楷模 文明风尚）,2007-08-29,"和谐家庭,文化,道德",4  
860,李月美（抗日英雄谱）,2005-09-10,"李月美,“当代花木兰”,华侨",2  
861,邓大姐希望好好做妇女工作,1992-02-03,"妇女工作,慰问,妇女姐妹",1  
862,女检察官高素英（执法者风采）,2000-08-16,"执法,高素英,检察官",10  
863,世界第一,1991-08-25,"利索夫斯卡娅,电影演员,体育",4  
864,纪念徽班进京活动圆满结束,1991-01-13,"纪念活动,纪念徽班,京剧",1  
865,历史上有四位“花木兰”,1990-10-14,"“花木兰”,历史上,代父从军",8  
866,超级女排赛前点将,1987-09-11,"女排,奥运会,比赛",3  
867,她并没有满足,1988-05-03,"没有满足,张彩华,亚洲纪录",3  
868,戈壁明珠映圣火　丝路重镇飘祥云,2008-06-20,"圣火,奥运会,北京奥运火炬",12  
869,云南开展群众性精神文明创建活动,2003-01-05,"创建活动,精神文明创建,文化",1  
870,东风汽车：“全员创新”为企业发展添动力（全国文明单位巡礼）,2005-12-05,"企业,“全员创新”,文明单位",4  
871,任率英艺术回顾展即将举行,2000-05-03,"任率英,艺术,《一盏不灭的明灯》",4  
872,蒙城拆除三家危及文物安全的窑厂,2000-03-29,"危及文物,人大代表,三家窑厂",12  
873,张淑凤为航天事业呕心沥血,1991-03-08,"张淑凤,航天事业,国防科工委西安卫星测控中心",4  
874,徐英　当好高原生命卫士,2004-06-24,"徐英,职工,青藏铁路指挥部医院",11  
875,简讯,1995-03-05,"国际,电视,北京贵友大厦有限公司",3  
876,志愿服务：以家庭的名义,2010-03-08,"志愿服务,家庭志愿者协会,机制",15  
877,广西河池缺水群众除夕前喝上“放心水”,2010-02-14,"缺水群众,“放心水”,广西河池",2  
878,号召政法干警向罗东宁、杨竹芳学习,2009-11-11,"政法,罗东宁,杨竹芳",10  
879,昔日厨娘把家当（喜看农村新貌）,2009-04-12,"湖南省临澧县龙池村,农村,妇女",2  
880,农家女靠科技致富（乡村新事）,2003-10-23,"科技致富,农家女,贷款",5  
881,荆江大堤赋,2008-03-01,"荆江大堤,工程,验收",8  
882,全国汽车拉力锦标赛长春站赛事结束,2003-07-18,"拉力锦标赛,汽车拉力,比赛",11  
883,天津为下岗女工想实招办实事,1998-05-09,"下岗女工,天津市妇女联合会,就业",7  
884,狠抓各项工作落实　建设“坚强阵地”和“温暖之家”,2010-08-20,"建设,妇女工作,“温暖之家”",4  
885,妇联工作要更好地服务大局服务妇女服务基层,2010-07-18,"妇女,服务基层,服务大局",4  
886,敬告读者,1997-12-31,"新闻,文化,经济",1  
887,赵秀玲荣立个人一等功,2001-03-08,"个人一等功,赵秀玲,武警水电三总队",6  
888,六名中国女将征战美网,2005-08-30,"美网,比赛,彭帅",12  
889,龙海县加强村级组织配套建设,1992-01-03,"建设,村级,福建省龙海县委",3  
890,西山脚下一曲拚搏歌,1987-08-29,"西山脚下,不明飞行物,巫兰英",3  
891,联合表彰林志梅,2013-03-29,"林志梅,表彰,职务犯罪",6  
892,墨绿台边众生相,1989-03-06,"比赛,军队,太阳城台球房",4  
893,中国队以６０∶８５负于苏联队,1984-06-29,"中国队,苏联队,中国女篮",3  
894,自主·自立·自强,1998-01-10,"妇女,济困,思想",7  
895,打出“中华牌”的荣耀,1992-08-14,"“中华牌”,张山,不明飞行物",4  
896,患者“贴心卡”,1996-08-19,"病人,“贴心卡”,“青年文明号”",3  
897,金凤展翅　欲腾千里,1991-11-17,"女足,《金凤展翅》,开幕式",4  
898,亚洲奏鸣曲,1991-09-03,"亚洲奏鸣曲,成绩,世界纪录",4  
899,中国派出１９名大力士参赛,1995-11-15,"参赛,举重,举重锦标赛",8  
900,壮志未与年同老,1999-09-19,"延安精神,庆典,妇女工作",4  
901,云南湖南贵州等队表现出色,1995-06-29,"第一名,夺冠,游泳锦标赛",8  
902,推行“贷免扶补”新模式,2010-08-20,"“贷免扶补”,创业,妇女",13  
903,"女""种田大王""张新芝",2001-06-10,"张新芝,种植,种田大王",3  
904,山东大力培养选拔女干部,1991-11-04,"干部工作,培养选拔,妇女人才开发促进会",1  
905,尤伯杯得主将是谁？,1990-05-24,"南朝鲜队,第一名,南朝鲜女队",3  
906,今日才溪女,1990-04-07,"妇女,文化,才溪乡",6  
907,全运会柔道决赛首日连爆冷门,1987-10-10,"全运会,柔道决赛,体协",3  
908,越野比赛就是体验人生,2014-08-15,"比赛,专业,王梦醒",15  
909,全国汽车拉力赛上海站收兵,2003-03-25,"全国汽车拉力赛,收兵,第一名",8  
910,在新的岗位上实践“三个代表”,2002-06-29,"热线,北京市公交总公司,三个代表",6  
911,路子对头 增收不愁,2011-11-20,"社区,路子对头,收入",6  
912,妇女儿童五个协调小组联席会议召开,2011-02-17,"妇女儿童,个协调小组,小组联席会议",4  
913,海峡两岸妇女交流活动暨妇女创业创新成果博览会举行,2010-06-19,"妇女,创新,创业",4  
914,中国妇女报纪念创刊25周年,2009-12-10,"妇女,创刊25周年,纪念",4  
915,“三八”国际妇女节专题晚会播出,2012-03-09,"“三八”国际,专题晚会,妇女",4  
916,谈谈刀马人物画,1984-07-14,"刀马,人物,民族",8  
917,"联合表彰""十行百佳""妇女",2001-06-09,"妇女,表彰,行百",2  
918,两万五千名女检察官执法护法,1995-08-28,"中国女检察官协会,执法,“教育、感化、挽救”",3  
919,把您平安送回家,2004-01-15,"旅客,英语,刘媛娟",4  
920,一批妇联先进集体个人受表彰,1995-03-08,"先进集体,表彰,妇女",4  
921,女性职业教育迫在眉睫,1995-01-21,"职业教育,妇女,上海市妇联",11  
922,纪念三八妇女节一百周年文艺晚会举行,2010-03-02,"三八妇女节,纪念,文艺晚会",4  
923,少数民族选手榜上增辉 辽宁队保持“老大”地位,1993-09-07,"少数民族选手,“老大”,比赛",4  
924,向女英雄致敬,1994-04-30,"刘玲英,金库,保护",1  
925,有志者事竟成（短评）,1998-09-23,"妇女,短评,代表",11  
926,确保代表性、广泛性（认真做好十八大代表选举工作）,2012-03-08,"十八大代表,推荐,广泛性",15  
927,突出重点 整体推进,1997-07-18,"职业道德建设,文化,文明服务",5  
928,神枪驰怀临胜境,1996-07-28,"李对红,运动手枪决赛,运动员",4  
929,廊坊市家庭文化生活丰富多采,1991-02-18,"家庭文化生活,丰富多采,妇女",4  
930,南朝鲜足球队被淘汰,1990-10-04,"南朝鲜足球队,南朝鲜队,伊朗队",2  
931,年画需要进一步发展和提高,1985-07-07,"美术,尤劲东,“月份牌”",8  
932,中国龙珠女队夺冠,2009-02-16,"中国龙珠女队,夺冠,日本国家男队",12  
933,把“等、靠、要”变为“抢、争、抓”,2002-03-03,"“抢、争、抓”,“等、靠、要”,创新",7  
934,以优质服务为旗帜,2014-02-25,"客户,金融,专业",17  
935,陈燮霞等女运动员、中国女子体操队等单位获全国三八红旗手、全国三八红旗集体荣誉称号,2008-08-25,"荣誉称号,三八红旗手,中国女子体操队",4  
936,担任火炬手是我最大的幸福,2008-06-05,"出任,火炬手,奥运会",9  
937,中国选手名列金牌和奖牌总数第一,1998-11-17,"奖牌总数,芬兰拉赫蒂市体育中心,成绩",8  
938,自信 自强 自立 再就业,1998-06-27,"下岗职工,再就业,吕传孝",8  
939,云南城市社区温馨如家,2002-04-05,"城市,“社区建设试验区”,志愿者",4  
940,爱心铺就创业路,2006-09-22,"“爱心大姐”,企业,创业",15  
941,努力奉献 再展风采,1993-09-03,"中国妇女七大,努力奉献,代表",3  
942,广东 资助百名贫困女大学生,1998-01-10,"贫困女大学生,赞助,资助百",7  
943,福建坚持不懈开展岗位学雷锋,1993-03-04,"学雷锋小组,建设,工程",3  
944,五棵树：点点滴滴创文明（全国文明村镇巡礼）,2005-11-16,"文明村,农民,村镇",4  
945,难忘京剧“穆桂英”,2009-10-22,"京剧,《杨门女将》,“穆桂英”",20  
946,关键在人（短评）,2009-06-25,"短评,文化,人才",4  
947,救死扶伤女天使（医疗卫生界候选人）,1998-07-04,"中国聋儿康复研究中心,医疗卫生,候选人",7  
948,岗位变，为人民服务思想不变,2001-06-30,"思想,岗位变,北京市公交总公司服务协调处",8  
949,军营比翼鸟,1992-11-01,"营房,军队,平志安",3  
950,号召体育战线学习奥运健儿奋斗精神,1992-08-19,"奥运会,体育战线,奋斗精神",4  
951,块块金牌 热血铸就,1996-08-02,"热血铸就,块块金牌,中国体育代表团",8  
952,谢军失利的反思,1996-02-26,"中国国际象棋集训队,第一名,“金字塔”",8  
953,首都各界妇女纪念“三八”节,1991-03-08,"妇女,纪念,“三八”节",1  
954,这里的赛场静悄悄,1995-04-08,"比赛,地坛体育馆里,女子举重",8  
955,那不是恶搞　而是演砸了（微议）,2015-07-23,"不是恶搞,花木兰,演砸",19  
956,妇女工作要开拓创新狠抓落实,2009-12-20,"妇女工作,开拓创新,视察",4  
957,我军组建第一个女子导弹发射连（八一之声）,2011-11-25,"导弹发射,第一代,宋远高摄",20  
958,市场商海弄潮儿（企业界候选人）,1998-07-04,"河北邢台市邢东企业集团,市场,汉族",7  
959,中原女神探,1995-05-01,"刘玉琴,女神探,中原",4  
960,胶灯，点亮南岛曙色（闪光的足迹·散文特写）,2003-03-20,"徐兰香,散文,胶灯",15  
961,要做就做到最好（劳动者之歌）,2010-06-21,"劳动者,武汉江南实业集团有限公司,模范",6  
962,“做家政，找阿惠”,1999-02-19,"阿惠原,下岗,职工",1  
963,用焊条“绣花”的人（三峡建设者风采（4））,2003-06-21,"工程,“绣花”,创新",2  
964,帮钱帮物更要帮技术,2002-08-01,"技术,农民,科技",11  
965,抓住机遇 应对挑战,2002-01-13,"妇女,建设,抓住机遇",6  
966,丰厚的十年,1999-10-28,"农村妇女,技术,农业",12  
967,倾情山水奏华章（故事·十年）,2012-09-27,"导游,山东蓬莱阁管理处,“阿浓苗家”",7  
968,永远的神女,1997-09-25,"神女峰,瑶姬,创新",11  
969,为全面建设小康社会再立新功（社论）,2003-08-22,"全面建设小康社会,小康建设,妇女",1  
970,有德之家馨满园,2012-05-16,"道德,建设,文化",6  
971,太行山上著巨篇,1996-09-06,"太行山,教师,农民",5  
972,太行山上著巨篇,1996-09-06,"太行山,教师,农民",1  
973,中古苏日队战胜对手,1989-11-08,"战胜对手,比赛,南朝鲜",4  
974,巾帼不让须眉　高红当选盼盼杯中国足坛门王,1999-12-29,"职务调整,足坛门王,高红",8  
975,无畏巾帼撑起半边天（抗震救灾英雄谱）,2008-07-10,"抗震救灾,吕宗音,物资",9  
976,为了１４万人民的信任（巾帼风采）,1998-08-08,"信用,林洁,国内生产总值",7  
977,巾帼大力士平超多项世界最好成绩,1987-05-12,"最好成绩,比赛,女子举重",3  
978,巾帼瞭望者　时代记录人（对话价值观（特别报道）(20)）,2015-01-27,"价值观,记录,社会主义核心",6  
979,上道第一家（巾帼建功 重建家园）,1998-10-14,"金美荣,政府,住房",12  
980,田坛巾帼不让须眉　女将独占今年十佳,1987-11-30,"十佳,运动员,职务调整",4  
981,巾帼大力士打破两项世界纪录,2005-11-11,"世界纪录,举重,比赛",12  
982,巾帼英雄不畏艰难　首次征服琼州海峡,1988-03-23,"琼州海峡,首创,北京体育学院",3  
983,张璨——巾帼创业竞璀璨（中国青年科技创业“十杰”⑦）,1996-08-21,"张璨,青年,高技术",5  
984,巾帼英姿印上鼠标垫女军人提出高额索赔,2003-03-03,"军人,鼠标垫,索赔",10  
985,人民日报“恒安杯·巾帼风采”散文征文评选揭晓,1995-09-26,"“恒安杯·巾帼风采”,人民日报文艺部,评选",10  
986,“三八”节　中外妇女在京联欢 军队巾帼会聚一堂,1989-03-09,"妇女,军队,“三八”节",2  
987,中华巾帼田坛再扬威 万米比赛摘金又夺银,1993-08-23,"比赛,成绩,世界纪录",4  
988,"风狂雨骤 亚运赛程有变
巾帼须眉 奋战势头不减",1994-10-13,"成绩,第一名,标准",4  
989,巾帼跤手刘东风世锦赛上五连冠,1996-09-02,"刘东风,摔跤运动员,第一名",8  
990,10位杰出女性荣获全国三八红旗手标兵,2018-03-01,,6  
991,中央文明办发布8月中国好人榜,2017-09-01,"颁布,好人榜,全国道德模范庄仕华",6  
992,把群团改革抓实 让人民群众满意,2017-07-20,"群团改革,群众满意,视察",4  
993,让人们永远珍视和怀念,1980-09-06,"人们永远珍视,哀悼,文成阁",8  
994,闪光的印迹,2008-05-30,"奥运会,第一名,奥运冠军",14  
995,全国十大敬业奉献模范候选人 D22 申纪兰,2007-09-01,"模范,候选人,山西省长治市人大",30  
996,全国十大敬业奉献模范候选人 D27 尼玛拉木,2007-09-01,"模范,尼玛拉木,候选人",31  
997,全国十大助人为乐模范候选人 A09 白珍,2007-09-01,"居委会党支部,模范,候选人",10  
998,从头学起闯新路,1998-05-21,"上海市自力食用纯水厂,职工,下岗",2  
999,服务乘客心不变（走基层·转作风·改文风·走基层·典型回访）,2012-01-05,"旅客,热线,典型",5  
1000,为女足拼搏精神喝彩（大昭评论）,2015-07-07,"拼搏精神,女足世界杯,评论",19  
1001,赓续雨花青春的信仰,2016-07-01,"信仰,赓续雨花青春,南京雨花台",5  
1002,保家卫国乃公民义务（说法）,2010-03-24,"义务,公民,保家卫国",18  
1003,“为女性争光”,1998-02-07,"“为女性争光”,诸葛彩华,群众",7  
1004,再闯难关,1993-01-03,"波尔加,“一个好汉三个帮”,经费",4  
1005,电影《任长霞》全国首映式在京举行,2005-07-01,"电影,《任长霞》,首映式",2  
1006,人事部农业部表彰一批全国农村优秀人才,2000-10-16,"表彰,“全国农村优秀人才”,农村经济",3  
1007,永恒的彩霞,2004-06-23,"任长霞,《永恒的彩霞》,全国妇联宣传部",4  
1008,武汉完善便民服务网络,1999-05-11,"便民服务网络,群众,武汉市委",3  
1009,形势·差距·对策,1990-06-04,"对策,形势,比赛",3  
1010,要求支边大学毕业生超过往年,1986-06-10,"毕业生,高等院校,支边",1  
1011,神枪手比武　金牌落谁家,1987-11-19,"神枪手,全运会,辽宁队",3  
1012,深化改革需要“她力量”,2014-03-08,"“她力量”,深化改革,国际",1  
1013,“红色娘子军”,1964-03-06,"“红色娘子军”,民兵,军队",2  
1014,全国十大孝老爱亲模范候选人 E24 沈利萍,2007-09-01,"沈利萍,候选人,模范",37  
1015,全国十大敬业奉献模范候选人 D46 张丽君,2007-09-01,"张丽君,模范,环境监测",33  
1016,该向男子“倾斜”了,1994-03-25,"“倾斜”,体育,中国",11  
1017,武警广西总队医院外二科情满壮乡,1998-06-01,"武警广西总队医院外二科,“民族团结先进个人”,先进集体",3  
1018,房证送到病床前（在现场）,2011-03-24,"沈阳市房产局,交易,房屋",5  
1019,全国妇联十届三次执委会议召开,2011-01-22,"会议,妇女,三次执委",4  
1020,中国妇女革命的先驱,1984-03-08,"革命,妇女,长征",4  
1021,努力做到让客户满意（国企敬业好员工）,2015-10-04,"客户,陈牧云,努力做到",2  
1022,建设更有活力的妇联组织,2016-09-22,"妇联组织,建设,改革",1  
1023,奇石柔水,2001-12-11,"柯岩,历史文化名城,中国",12  
1024,四川：社区温暖艾滋病患者（两纲之窗）,2006-01-27,"社区,艾滋病防治,妇儿工委",13  
1025,怀 念,1996-12-14,"平北抗日烈士纪念碑,战士,战场",7  
1026,叶氏杯桥牌赛进入淘汰赛,2005-04-19,"淘汰赛,叶氏,意大利队",12  
1027,“缉毒女侠”杨燕（执法者风采）,2004-06-30,"杨燕,“缉毒女侠”,执法",14  
1028,韩素云：甘做平凡的军嫂（老典型　新风貌）,2004-02-07,"军嫂,广西南宁市财政局,典型",4  
1029,“白天鹅”的开放梦(中国梦档案（2）),2017-08-30,"“白天鹅”,旅馆,中国梦",15  
1030,平凡岗位不平凡（十八大代表风采录）,2012-10-31,"十八大代表,平凡岗位,“金颖颖理财工作室”",4  
1031,全国亿万妇女健身展示大赛落幕,2007-04-25,"妇女,比赛,展览",12  
1032,木兰山赋,2007-04-07,"木兰山,于青霄,玉皇金",8  
1033,刘天佑徐莉佳当选,2006-12-20,"职务调整,徐莉佳,第一名",12  
1034,“是党员就要闪光”（我是共产党员）,2006-12-19,"“是党员就要闪光”,共产党员,社区",9  
1035,经济繁荣百强有位 精神文明生机盎然,1994-01-11,"精神文明,经济,生机盎然",3  
1036,吉林省力促国企下岗职工再就业,1998-06-01,"职工,再就业,下岗",1  
1037,聂卫平等九段首轮预赛顺利过关,2002-03-07,"首轮预赛,顺利过关,盖天力制药股份有限公司",10  
1038,铿锵玫瑰　傲然绽放（远望台）,2012-04-27,"傲然绽放,铿锵玫瑰,尺之躯献国防",19  
1039,全国妇联十届四次执委会议召开,2011-12-23,"会议,妇女,四次执委",4  
1040,追悼伟大医学家林巧稚,1983-05-08,"林巧稚,伟大医学家,追悼会",1  
1041,自出新意的京剧《梁红玉》,1982-02-24,"《梁红玉》,京剧,历史剧",5  
1042,深山含笑,1993-01-05,"深山含笑,教师,湘洲公路",8  
1043,全面保障广大妇女各项权益,1997-05-29,"权利,妇女权益保障,权益保障法",4  
1044,赛车运动稳步前行,2005-08-16,"比赛,中国赛车运动,坚持",12  
1045,一周农事扫描,2005-07-31,"特色农业,基地,农产品",5  
1046,救死扶伤白衣天使,2000-09-06,"“三八”红旗手,汉族,天津市天津医院",12  
1047,“摧”陈出“新”要不得(快人快语),2000-03-17,"陈出,影视,故事",12  
1048,女职工重任在肩,1996-03-06,"职工,建设,政治",11  
1049,别让雕塑成为“城市垃圾”,2010-11-15,"城市垃圾,全国城市雕塑建设指导委员会,城市内涵",15  
1050,人人争当文明人 家家争做文明户,1993-09-19,"争当文明人,人人争当,评选",3  
1051,八女石颂,1963-09-22,"女石,红罗仙女,母亲",6  
1052,“北大营”集训见闻录,1988-08-04,"集训,“北大营”,见闻",3  
1053,在田野上播撒希望,2003-09-07,"美蔬菜综合开发有限公司,福建省莆田市,市场",6  
1054,我最惦记客户的投资安全,2008-01-29,"投资,客户,财产",15  
1055,晚上十点的声音（说句心里话）,2003-05-12,"说句心里话,病人,非典",10  
1056,寓教于管　润物无声,2003-04-27,"祁翠琴,民警,教育",6  
1057,全国十大见义勇为模范候选人 B35 陈培玉,2007-09-01,"陈培玉,见义勇为,候选人",20  
1058,广空某女飞行大队荣立集体一等功,1994-07-29,"一等功,飞行大队,广东新丰江水库",3  
1059,赵雪芳荣获“白求恩奖章”,1994-04-24,"“白求恩奖章”,卫生,病人",4  
1060,全国妇联九届四次执委会举行,2006-12-15,"全国妇联九届四次执委会,妇女,委员长会议",4  
1061,掀创先争优新高潮 向建党九十周年献礼,2011-05-27,"创先争优,党员,基层党组织",5  
1062,中国冬奥健儿今日再冲“金”,2002-02-14,"冬奥会,比赛,芬兰队",3  
1063,小浪底人的一二三四,1998-04-05,"模范,小浪底工程咨询公司,弗朗西斯",4  
1064,欢笑吧！,1958-12-08,"妇女,社会主义,建设",8  
1065,坚持两个文明同规划同部署同建设,2010-09-18,"建设,交通,规划",2  
1066,屯垦戍边六十年,2009-10-31,"屯垦戍边,西北边疆,战略",8  
1067,科普御邪教,2001-02-04,"科普,邪教,科学",2  
1068,全国农村优秀人才先进事迹报告会在京举行,2000-10-19,"农村优秀人才,报告会,事迹报告会",4  
1069,姐妹们欢聚羊城议大计,1991-07-28,"姐妹们,羊城,妇女",3  
1070,社区志愿服务走向专业化（推动志愿服务制度化）,2014-05-08,"志愿服务,社区服务,服务制度化",16  
1071,生态 绿色家园 未来乡村主角,2007-12-23,"“绿色家园”,白春兰,节草羊槽",7  
1072,全国政协妇联界委员迎新茶话会在京举办,2007-01-10,"委员,全国政协妇联,茶话会",1  
1073,甘肃砍掉１７１４个评比达标项目,2006-07-17,"评选,评比达标,表彰",10  
1074,羊城情注好军嫂,1996-10-02,"军嫂,羊城,军人",2  
1075,石家庄实施“文明形象工程”,1996-09-27,"“文明形象工程”,文化,民警",3  
1076,恬静乡村赛歌会,1996-09-04,"农民,蒙古族,满族",11  
1077,简讯,2004-08-24,"湖南监狱管理局,公正文明执法,治安防范",12  
1078,要对得起人民,1999-09-01,"出入境管理科,河南省新乡市公安局,杨培兰",10  
1079,“母亲水窖”十年表彰大会举行,2010-12-18,"“母亲水窖”,年表彰大会,妇女",4  
1080,宋鱼水（人民英模）,2009-11-30,"当事人,英模,法律",5  
1081,“汉语桥”比赛推动“汉语热”,2018-05-02,"“汉语桥”,比赛,学生",3  
1082,转变观念 奋发图强,1997-03-01,"下岗,观念,河北省廊坊市服装厂",8  
1083,中国队金牌高居榜首,1995-09-25,"中国队,第一名,成绩",8  
1084,男女平等　携手共进,2004-03-08,"妇女,男女平等,中国",4  
1085,期待姑娘们火一把,1995-03-07,"姑娘们,比赛,中国队",8  
1086,这里也在谱写拚博之歌,1987-03-23,"湖北女排,中国女排,比赛",3  
1087,我国妇女事业发展实现新的跨越,2003-08-15,"中国,妇女事业,就业",4  
1088,农田不是实验场（实话实说）,2003-06-22,"农民,种植,农家",5  
1089,灵宝市为农民解决就医难,1994-12-01,"农民,朱阳卫生院,河南省灵宝市卫生局",4  
1090,征战沙场有后盾,1998-12-04,"广州奇星药业有限公司,女足,亚运会",8  
1091,一颗上升的明星,1993-12-08,"电影演员,“中国京剧希望之星”,《扈三娘与王英》",8  
1092,呼秀珍的幸福密码（身边的感动·文明家庭）,2012-05-26,"呼秀珍,文化,密码",1  
1093,落选不落志　创建不放松（全国文明创建先进典型）,2012-01-30,"文化,文明创建,城市",8  
1094,2016全国寻找“最美家庭”活动启动,2016-01-30,"“最美家庭”,领导干部,书记",6  
1095,“全国三八红旗手” 首场巡讲进清华,2017-03-07,"“全国三八红旗手”,清华,巡讲",6  
1096,全国各级妇联组织认真学习贯彻习近平总书记重要讲话精神,2013-11-05,"演说,讲话精神,妇联组织",6  
1097,战斗力面前没有性别（远望台）,2013-06-23,"战斗力,军队,军人",6  
1098,法兰西民族英雄,1980-10-13,"法兰西,巴黎巴尔维圣母广场,贞德",7  
1099,“和平影星”嘉宝,1988-01-17,"嘉宝,“和平影星”,内伊尔斯·博赫尔",7  
1100,王亚丽为患者带来生命的春天（十七大代表风采录·喜迎十七大）,2007-09-14,"病人,王亚丽,代表",2  
1101,全国十大见义勇为模范候选人 B26 杨明辉,2007-09-01,"教师,见义勇为,杨明辉",19  
1102,鞍山安置下岗职工有实招,1998-11-15,"下岗职工,安置,辽宁省鞍山市委",1  
1103,慧而达 专而妙（艺坛人物）,1998-09-11,"人物,刘福芳,绘画",11  
1104,林秀贞（“双百”人物中的共产党员）,2011-06-08,"林秀贞,共产党员,人物",5  
1105,国庆首都舞台百花竞放,1984-09-18,"国庆,舞台百花,话剧",3  
1106,大学毕业生志在四方艰苦创业座谈会在京召开,1984-06-07,"大学毕业生,高等院校,座谈会",5  
1107,在新形势下进一步弘扬雷锋精神,1998-02-27,"雷锋精神,青年,形势",4  
1108,成绩可喜来之不易,2000-10-26,"成绩,来之不易,运动员",8  
1109,全面提高我国妇女科技素质,2005-02-08,"科技,中国,妇女",13  
1110,缅怀卓娅,1991-11-08,"卓娅·科斯莫杰米扬斯卡娅,塑像,《卓娅和舒拉的故事》",6  
1111,“酷”趣（茶楼）,2000-03-18,"中学生,电视,“酷打扮”",8  
1112,为社会主义现代化建功立业,1991-03-10,"社会主义,现代化,建功立业",4  
1113,充满情和爱的特殊家庭,1990-11-20,"特等伤残军人,王灵芬,普通妇女",3  
1114,下岗以后怎么办？,1995-03-02,"下岗,女工,职工",11  
1115,千古忠烈雁门关,1995-02-20,"雁门关,杨业,代州建",12  
1116,杂文“男性化”小议,1987-05-11,"杂文,“男性化”,文学",8  
1117,国民党初试“初选”　“小辣椒”一马当先（海峡连线）,2015-04-16,"国民党,“初选”,“小辣椒”",20  
1118,雷立 给动车“看病”(守望),2016-04-09,"雷立,“看病”,中国铁路总公司运输局车辆部",6  
1119,认真学习贯彻五中全会精神　深入推进创先争优活动,2010-10-23,"创先争优,贯彻,全会精神",4  
1120,福建扎实推进党群共建创先争优活动（深入开展创先争优活动）,2010-10-22,"创先争优,党建,企业",6  
1121,工青妇组织要在党的领导下广泛深入创先争优,2010-09-01,"创先争,工青妇,党的领导",4  
1122,最热烈的掌声献给谁,2002-02-11,"冬奥会,“士兵谷”,比赛",8  
1123,我国国事访问欢迎仪式改革后首次启用,2018-06-07,"中国,改革,国事访问",4  
1124,美国泳坛一群小姑娘赶上来　挑起振兴昔日游泳强国重任,1988-07-02,"昔日游泳强国,民主德国队,奥运会",3  
1125,半月新闻追踪,2003-12-15,"科技,青年,群众",16  
1126,重心下移　群众参与（文化点评）,2003-12-09,"文化,群众,社区",14  
1127,谁知寸草心,2001-06-13,"学生,先进集体,计算机",10  
1128,“统率”猪鱼果的“女司令”（新农民风采）,2005-12-18,"农民,李香金,猪鱼果",7  
1129,钟掘　一路探索一路辉煌（2000年全国先进工作者）,2000-04-30,"钟掘,机械,国家自然科学重点基金",2  
1130,爱心献给“夕阳红”,2000-03-07,"“夕阳红”,刘爱琴,老年公寓",11  
1131,漯河农行文明建设求实效,1999-12-23,"文化,建设,职工",11  
1132,北京积极做好迎接世妇会准备工作,1995-08-21,"世妇会,妇女,整治",4  
1133,绿色军营英模群星璀璨,1995-07-28,"英模,营房,绿色军营",4  
1134,真情融融入里来,1999-05-05,"立案,群众,人民法院",10  
1135,人走水流话高低,1995-04-13,"人往高处,“高低”,标准",12  
1136,下岗女工办学记,1999-01-27,"办学,下岗女工,学校",5  
1137,功夫在戏外,1995-01-09,"戏外,《梅兰芳蓄须明志》,故事",12  
1138,这些字你认识吗？　２月份人民日报难字注音,1962-03-10,"èｉ,数据库,动物",2  
1139,拟投入三百多亿元改造农村电网,2016-12-02,"改造,农村电网,党员",13  
1140,张山 演绎“不老”传奇（当日之星）,2010-11-24,"张山,“不老”,第一名",9  
1141,一个大坑九块牌（经济茶座）,2009-04-06,"典型,经济,大坑",5  
1142,全总第五届女职工委员会一次会议召开,2009-02-25,"女职工委员会,会议,工会",2  
1143,杨开慧：“牺牲我小，成功我大”（为了民族复兴·英雄烈士谱）,2018-07-08,"杨开慧,烈士,牺牲",4  
1144,“她们”让奥运更显光彩（点击奥运）,2008-02-22,"奥运会,“她们”,奥林匹克运动中",15  
1145,解放军英雄模范层出不穷,1994-07-29,"解放军,英雄模范,模范层出不穷",1  
1146,河南孟州村级文化中心娱农富农,2007-02-04,"文化中心,富农,农民",4  
1147,河南农信社帮了农民活了自己,2007-01-13,"河南农信社,农民,贷款",1  
1148,红娘须亮“身份证”,2002-02-20,"婚介机构,市民政局,“身份证”",9  
1149,以榜样的力量带动更多姐妹成长,2012-08-10,"典型,三八红旗手,代表",4  
1150,给奉献者一份温馨关怀（远望台）,2011-05-13,"政策,军人,大爱",20  
1151,《当代优秀共产党员风采》征文获奖篇目,1997-11-10,"共产党员,《“铁”书记王仁会》,南方日报",11  
1152,得民心　城市兴,2001-09-25,"城市,环境,经济环境",1  
1153,人民军队英雄辈出 新一代英模灿若群星,1997-07-27,"英模,人民军队,灿若群星",2  
1154,读解人心的杂技,1996-05-26,"杂技,读解,“四季风韵”",4  
1155,保定城乡春意闹,1996-02-16,"春节,文化,古城",5  
1156,悠悠万事民为大 奉法理政国恒强（人民日报全媒体平台·2015·中央厨房烹制新闻美味）,2015-03-09,"国恒强,立法,新闻",6  
1157,激活妇联组织的神经末梢,2016-10-03,"妇联组织,神经末梢,妇女",4  
1158,不让一名群众没水喝（旱区饮水）,2010-03-28,"群众,送水,专业",5  
1159,中国精神的少年图志（新作鉴赏）,2009-07-17,"地震带,报告文学,灾区",20  
1160,全国妇联十届六次执委会议召开,2013-05-08,"会议,六次执委,妇女",4  
1161,巴尔鲁克草原的白衣天使（十八大代表风采录）,2012-10-13,"巴尔鲁克,草原,白衣天使",4  
1162,云南旅游促农哺农兴农,2008-12-07,"旅游产业,促农,兴农",1  
1163,柔道运动出现好势头,1989-05-12,"柔道运动,比赛,运动员",4  
1164,漫谈“随笔译丛”的文化品质,1993-12-17,"文化,“随笔译丛”,《现代随笔译丛》",8  
1165,车市动态,2005-04-18,"上海车展华普,生产线,车市",16  
1166,从“璩美凤条款”说起（观沧海）,2005-01-19,"“璩美凤条款”,“璩美凤性爱光碟”,“政治侦防”",10  
1167,采取措施组织好“全国助残日”活动,2000-03-25,"“全国助残日”,组织措施,残疾人",2  
1168,时政纵横,2004-08-20,"律师,模范法官,报告会",12  
1169,汉江江水锁不住 七舟勇占众舟先,1986-09-26,"独步汉江,亚运会,比赛",3  
1170,莫道君行早 赛前争分秒,1986-09-16,"比赛,体育代表团,中国举重队",3  
1171,激战之后,1985-11-21,"比赛,中国,藤泽",3  
1172,抗旱一线的干部群众辛苦了,2010-03-26,"干部群众,抗旱一线,干旱",1  
1173,“双学双比”活动要为社会主义新农村建设做出新贡献,2009-02-20,"“双学双比”,社会主义,妇女",4  
1174,服务群众争优秀　固本强基创先进,2010-09-01,"群众,创先争优,工会",4  
1175,中办印发《全国妇联改革方案》,2016-09-22,"妇女工作,《全国妇联改革方案》,群众",1  
1176,中办印发《全国妇联改革方案》,2016-09-22,"妇女工作,《全国妇联改革方案》,群众",6  
1177,一心为民的“小巷总理”（时代先锋）,2005-02-17,"茂社区党支部,“小巷总理”,孙仙梅",1  
1178,为亿万姐妹营造未来,1994-03-08,"妇女工作,亿万姐妹,干部离退休",3  
1179,热情服务 真情相助,1998-06-26,"下岗职工,真情相助,送温暖",3  
1180,英姿飒爽竞风流,1999-03-25,"武警四川省总队女子特警队,女特警队,武警北京特警学校",3  
1181,以建设“坚强阵地”和“温暖之家”为目标努力把妇联工作提高到一个新水平,2010-07-15,"建设,妇女工作,“温暖之家”",13  
1182,文明花开在通途,2011-02-24,"文化,建设,交通",2  
1183,热情服务 真情相助,1998-06-26,"下岗职工,真情相助,送温暖",1  
1184,自尊　自信　自立　自强,1990-03-07,"中华全国妇女联合会,中国,妇女解放运动",3  
1185,一拨就灵解民忧,2004-03-29,"“81890”,热线,质量管理",1  
1186,无意邂逅的辉煌（神州情思）,2003-05-01,"历史,“中华第一都”,武丁振肃",8  
1187,聚力显身手 同心创和谐（科学发展　共建和谐）,2007-03-20,"群众,社会主义,职工",4  
1188,聚力显身手 同心创和谐（科学发展　共建和谐）,2007-03-20,"群众,社会主义,职工",1  
1189,吉化女子清欠队,1996-03-06,"清欠,企业,吉化集团工会女职工委员会",11  
1190,平等、发展与和平是全世界妇女的共同追求,1995-09-04,"和平,全世界妇女,政府",3  
1191,巾帼须眉同竞技女性首登田径场（奥运记忆·经典一刻②）,2007-12-01,"奥运会,比赛,伊丽莎白·罗宾逊",6  
1192,全国孝老爱亲模范候选人,2015-06-24,"模范,周淑琴,施庭荣",27  
1193,谁来驾驶“蛟龙”？(热点解读),2013-07-03,"“蛟龙”,潜航,中国",9  
1194,“乱”势佳人多　排球“飞”起来,1979-09-25,"排球,女排,形势",4  
1195,激扬人生,2008-09-14,"比赛,运动员,青岛奥帆中心",6  
1196,重庆妇联QQ群上开大会,2008-09-04,"QQ群,会议,重庆市妇联",11  
1197,步班邮路上的“红衣使者”,2008-04-10,"“红衣使者”,步班邮路,尼玛拉木",4  
1198,知识胜于权力（五洲茶亭）,2003-07-04,"斯佩西奥扎·卡齐布韦,权利,知识胜",15  
1199,双星辉映写高情,2007-11-04,"书法,于立群,艺术",8  
1200,卢光琇：勇攀辅助生殖技术高峰（人物）,2003-02-21,"卢光,辅助生殖技术,克隆",5  
1201,曲艺百花烂漫,2002-11-19,"艺术,曲艺节,创新",12  
1202,为了姐妹有活儿干（劳动者之歌）,2006-12-05,"华联劳务有限公司油漆作业队,涂料,劳动者",2  
1203,四、十全大净晚境凄清,1982-04-09,"金少山,艺术,“旦起净落”",8  
1204,阿富汗王后宴请刘主席夫人陈副总理夫人刘少奇主席夫人访问阿富汗妇女协会,1966-04-07,"阿富汗妇女协会,访问,穆·哈·迈万德瓦尔",4  
1205,“请叫我战士，不要叫我女兵”（时代先锋）,2015-03-12,"战士,不要叫,斯娜拉姆",6  
1206,如何写好一个“女”字（文艺点评）,2010-09-21,"“女性写作”,点评,文艺",24  
1207,我们是一家人,2010-08-24,"群众,一家人,汉族",6  
1208,“老国学”能否打造“新女性”,2006-08-10,"复旦大学管理学院,“人文修养提升班”,“新女性”",11  
1209,微笑源自真诚（劳动者之歌）,2006-05-06,"柳州市公交公司,旅客,邓红英",2  
1210,颠覆经典的背后（今日新语）,2006-04-18,"颠覆经典,教育,历史",11  
1211,“编外后勤处长”于肖兰,1997-10-24,"于肖兰,“编外后勤处长”,李惠强",3  
1212,英雄的城市,1997-05-10,"城市,歌乐山烈士陵园,乐山革命烈士",7  
1213,人画俱老一顽童（画坛人物）,1997-05-02,"人画俱老,艺术,人物",4  
1214,唯有崇高更感人,1996-02-09,"唯有崇高,电视剧,艺术",12  
1215,五百名贤祠引起的沉思,1991-03-16,"名贤,中也关系,知名度",8  
1216,中国体育的半边天（体坛焦点）,2004-03-08,"体育,奥运会,半边天",12  
1217,《中国母亲》：一部文史融合的书,1995-06-10,"《中国母亲》,文史,江西人民出版社",6  
1218,『一助一 送温暖』助残扶贫倡议书,1995-05-11,"济困,残疾人,送温暖",3  
1219,梅兰芳访苏轶事,1995-04-15,"艺术,齐赫文斯基,斯坦尼斯拉夫斯基",7  
1220,荧屏上的戏曲百花园,1999-01-08,"艺术,戏曲百花园,青岛电视台",10  
1221,高擎理想之火出征,1985-11-14,"理想之火,“圣诞老人”,南极",3  
1222,党旗飘扬安宁河畔,2013-11-05,"党旗飘扬安宁,安宁河畔,党员",18  
1223,一辈子坚守梦想无私奉献,2013-06-05,"无私奉献,龚全珍,坚守梦想",6  
1224,中国地方戏曲巴黎展魅力（国外特写）,2003-11-24,"地方戏曲,艺术,戏剧",7  
1225,全国妇联九届五次执委会议在京举行,2007-12-12,"全国妇联九届五次执委,会议,妇女",2  
1226,点亮心灯,2002-11-21,"教师,学生,点亮",12  
1227,抗洪女兵（二十年间）,1998-10-09,"黑龙江省武警哈尔滨指挥学校,教师,对外贸易",11  
1228,“美好家庭”候选户简介,1994-04-05,"“美好家庭”,候选户简介,文化",3  
1229,功夫古乐皆动人（中国东盟友好之旅）,2006-11-22,"中新关系,新加坡圣淘沙公园,武术",7  
1230,我微笑我快乐,2012-02-08,"太原高速公路小店女子收费站,成绩,创先争优活动",5  
1231,红艳艳的山茶 静悄悄地开（身边的共产党员·坚守源于信念 平凡见证光荣）,2011-07-12,"字海燕,西山林场,森林",17  
1232,宋鱼水（“双百”人物中的共产党员）,2011-04-13,"人物,法律,共产党员",2  
1233,有关“先进人物”评选的话,1984-08-28,"先进人物,评选,“墙内开花墙外香”",8  
1234,读《访秋瑾故居》一文以后,1962-04-05,"《访秋瑾故居》,革命,牺牲",6  
1235,用艺术描绘历史长卷（面对面）,2015-10-08,"艺术,历史,国家大剧院",17  
1236,铁路改革成就冠军梦（中国道路中国梦·新改革故事）,2015-04-10,"铁路,改革,第一名",5  
1237,欧卡的“宁静”与詹西的“混浊”,2002-01-18,"欧卡,詹西,“混浊”",11  
1238,愿做青鸟飞云端（自主创新在校园）,2006-07-06,"创新,软件,杨芙清",13  
1239,看得见的历史,2006-01-08,"历史,莫理循,图书馆",8  
1240,提高“绿视率”,2005-03-12,"绿视率,滨江公园,绿化",2  
1241,《在党支部书记的岗位上》征文获奖名单,1991-06-13,"书记,《支部生活》,《共产党员》",3  
1242,灿烂的笑容,1995-04-20,"移民,冯发慧,三峡工程",10  
1243,读经典可以培养高尚心灵（大家手笔）,2017-08-24,"培养高尚,品读经典,见解",7  
1244,国家科技奖 今年新意多,2017-01-10,"国家科技奖,科学家,创新",6  
1245,女性温暖展现国家魅力（人民论坛·两会·感受时代脉动）,2014-03-08,"中国梦,参政议政,议会",4  
1246,为和谐社区建设提供制度保障,2007-06-14,"社区,制度,建设",10  
1247,执著追求,1994-04-01,"执著追求,韩修琴,山西省介休市铁路子弟小学",3  
1248,龙清秀先进事迹报告会举行,2002-02-28,"龙清秀,先进事迹,报告会",4  
1249,雷锋精神永不过时（一线代表委员议国是）,2012-03-05,"雷锋精神,委员,永不过时",4  
1250,忆峥嵘 看变化 传精神（追寻·纪念建党90周年大型主题活动）,2011-05-20,"革命,建党90周年,纪念馆",5  
1251,向着绚丽的天空,1992-11-18,"向着绚丽,革命,朱仲丽",8  
1252,国门卫士,1997-06-23,"深圳罗湖边防检查站,罗湖边检站,外逃",11  
1253,衡南努力培育良好道德风尚,1996-11-27,"道德,教育,衡南县委",4  
1254,送胡朋远行（心香一瓣）,2005-01-15,"胡朋,夫妇,电影",8  
1255,创企业名牌的背后（党的建设在基层）,2000-06-12,"企业,党建,党员",3  
1256,以人为本　亲情服务,2004-11-20,"社区,文化,人为本",6  
1257,政府要扎实推进妇女儿童事业的发展,2004-05-22,"妇女儿童,政府,吉林省政府站",6  
1258,不言春作苦常恐负所怀（世妇会特稿 人物篇）,1995-08-29,"世妇会,人物,妇女",1  
1259,当好东道主 迎接世妇会,1995-08-05,"东道主,中国,迎接世妇会",1  
1260,翠翠,1995-05-25,"王翠翠,晓庄,支书",12  
1261,“助”廉,1990-07-09,"领导干部,“廉内助”,廉政",8  
1262,破纪录小庄泳一马当先　夺金牌张玉萍捷足先登,1987-11-22,"张玉萍,全运会,成绩",4  
1263,奔跑吧，创业者们（金海观潮）,2015-04-13,"创业者,政策,创新",18  
1264,提高妇女素质 投身现代化建设,1993-09-03,"妇女,建设,现代化",3  
1265,开展第八次全国助残日活动,1998-03-25,"助残日活动,残疾人工作,济困",4  
1266,让全社会一起关注“她”,2017-03-09,"妇女,保护,权利",17  
1267,假如“陀螺”没了“轴向”(人民论坛）,2013-07-02,"“轴向”,“陀螺”,信仰",4  
1268,时刻把官兵的利益举过头顶,2013-06-09,"官兵,方芳,武警成都军事法院",6  
1269,蜀国秀色,1988-09-13,"产品,蜀国之秀,蜀秀",8  
1270,姐妹援手克时艰,2008-06-18,"全国妇联中国儿童少年基金会,灾区,抗震救灾",5  
1271,静静的庭院（域外散记）,2003-08-29,"萨摩利·杜尔,塑像,博物馆",15  
1272,好军嫂李红,2003-08-28,"李红,军嫂,葫芦岛市工商局企业分局",10  
1273,爱让法徽更闪亮（道德楷模　文明风尚）,2007-09-18,"文化,道德,母亲",4  
1274,全国妇女创业与再就业工作会议在京召开,2003-02-19,"妇女,再就业,创业",2  
1275,一位中学教师的情怀（普通人的故事）,1998-09-09,"教师,中学,学生",12  
1276,诚信友好充满爱,2006-10-13,"社区志愿者协会,诚信友好,居委会社区志愿者中队",13  
1277,我与西藏共成长（见证）,2011-03-14,"西藏自治区畜牧兽医研究所,让色珠,农牧民",10  
1278,徽剧的新生,1959-04-26,"安徽省徽剧团,安徽省委,儿童",8  
1279,柔美的殷墟,2010-08-23,"妇好,“伟大崇高的母亲戊”,“伟大崇高的母亲辛”",24  
1280,人生舞台,2001-12-19,"李光秀,扫盲,郭凤亭",5  
1281,超越性别的想象力（一周科技风云）,2006-03-02,"科技,想象力,劳伦斯·萨默斯",14  
1282,『我很自豪』（人物）,1997-04-11,"丰云,人物,电话",8  
1283,枣庄　庭院经济成为农民增收新亮点,2000-12-05,"庭院经济,农民,农村",5  
1284,勤劳致富农家女杰,2000-09-06,"“三八”红旗手,汉族,毛乌素沙漠",12  
1285,亮出生态城市的品牌,2000-08-12,"城市,垃圾,北戴河国家森林公园",1  
1286,居民忧愁事　解决在社区,2000-08-10,"“阳光行动”,社区服务,建设",3  
1287,半个世纪后的聚会,1991-04-07,"延安精神,建设,女大学",1  
1288,面向农村天地宽,1999-06-29,"农村,山东农业大学,科研",5  
1289,女教职工的知心大姐,1995-03-08,"教职工,山西太原工业大学校工会,教师",9  
1290,自信是金（新春专访再就业职工（四））,1999-02-22,"职工,再就业,下岗",1  
1291,首都集会纪念“三八”妇女节,1990-03-08,"颁布,纪念,集会",1  
1292,红军远征谱壮歌,1986-10-04,"《红军长征记》,革命,“红军不怕远征难”",8  
1293,壮美·优美·和谐（剧谭）,1987-12-09,"高翠英,《凤台关》,张秀英",8  
1294,第三批全国学雷锋活动示范点名单,2017-03-02,"陕西省渭南市公安局交警支队,湖南省常德市公安消防支队,江苏省南通市公安消防支队",15  
1295,京剧《安国夫人》启示录,2014-11-25,"《安国夫人》,京剧,历史",23  
1296,妇女儿童事业科学发展的生动实践,2012-10-19,"妇女儿童,科学,实践",8  
1297,近代中国的女英雄——秋瑾,1981-10-05,"革命,女英雄,秋瑾",5  
1298,衣钵真传　新径独辟,1988-03-30,"衣钵真传,戏曲,艺术",8  
1299,地球母亲与“生态妈妈”(五洲茶亭),2008-03-04,"环保,地球母亲,环境",14  
1300,农垦人的日子舒心了（高举旗帜　科学发展·贯彻落实十七大精神）,2007-12-15,"海南农垦邦溪农场八队,农垦人,科学发展",1  
1301,用关爱凝聚起“心的长城”,2003-05-27,"“心的长城”,防治非典,基层党组织",13  
1302,山区女法官的风采,1994-07-05,"山区,申诉,“降压灵”",10  
1303,她做过的好事数不清,2018-03-08,"孟格图嘎查,书记,农牧民",17  
1304,传染世界写春华(心连心),1998-03-31,"“传染”,诞辰,二医院感染六科",12  
1305,风雨沧桑诗写成（品书札记）,1997-07-21,"历史,《风雨沧桑集》,信仰",12  
1306,龙庆峡（外一章）,1992-03-03,"龙庆峡,故事,雄丽",8  
1307,先学端盘子再开药方子,2000-04-14,"医院,病人,药方",10  
1308,大庆大嫂,1990-10-27,"大庆大嫂,大庆家属,工人阶级",3  
1309,切实做到上海妇女与上海同步发展（认真贯彻男女平等基本国策）,2004-03-22,"妇女,基本国策,贯彻",10  
1310,红柳和胡杨,1985-10-21,"塔克拉玛干大沙漠,古城,若羌",8  
1311,社区医生杨凌的一天(发现身边·走近白大褂),2016-07-11,"杨凌,社区医生,病人",13  
1312,全国妇联十届二次执委会举行,2010-01-12,"二次执委会,妇女,坚持",4  
1313,孩子和大人,1993-09-22,"杂技,“新苗杯”,比赛",8  
1314,军队精神文明建设要走在社会前列,1998-03-15,"精神文明建设,军队精神文明,官兵",4  
1315,红星照我人生路,2001-05-26,"交战,学习班,《闪闪的红星》",8  
1316,要求广大职工团员青年和妇女学习十四大精神,1992-10-27,"妇女,青年,职工",3  
1317,辽宁　妇女受益“无围墙工厂”（各地链接）,2005-05-27,"妇女,“无围墙工厂”,就业",13  
1318,圈外谈相声,1996-05-03,"艺术,笑星,杯赛",12  
1319,体坛速递,2004-02-16,"北京华远女子桥牌队,国奥队,突尼斯足球队",12  
1320,精神文明建设要发掘地方道德资源,1995-06-13,"道德,精神文明建设,地方",3  
1321,『纸上画桥』的人,1995-03-20,"立交桥,北京市市政设计研究院,工程",3  
1322,十月，南宁等你,2014-09-07,"体操,城市,广西体育中心体育馆",2  
1323,凝聚人心 爱乡爱国（中国梦·赤子心）,2013-03-08,"比利时中华妇女联合会,欧洲华侨华人妇女联合总会,爱乡爱国",3  
1324,群众动嘴 干部跑腿,2013-02-19,"群众,社区,深圳市坪山新区党工委",18  
1325,古巷屣痕,2013-01-12,"古巷,文化,月球",12  
1326,中国妇女第十次全国代表大会在京开幕,2008-10-29,"妇女,全国代表大会,开幕",1  
1327,下岗不失志创业天地宽,2003-09-07,"下岗,创业,商贸有限公司",6  
1328,构筑基层建设新平台,2003-08-26,"建设,税收,征管",15  
1329,讲坛作证,1998-09-14,"教师,学生,山西省榆次道北街中学",5  
1330,情注孤残老人１７年（劳动者之歌）,2006-12-29,"敬老院,劳动者,郑雪兰",2  
1331,农村妇女要提高素质致力科技致富,2002-06-19,"农村妇女,科技,科技致富",2  
1332,大力培养高素质特警人才 维护社会稳定 服务人民群众,2011-07-15,"人才培养,维护,社会稳定",2  
1333,大力培养高素质特警人才 维护社会稳定 服务人民群众,2011-07-15,"人才培养,维护,社会稳定",1  
1334,一本扣人心弦的书,1982-09-05,"尤利乌斯·伏契克,报告,人物",7  
1335,双清楼诗稿（十六首）,1962-06-28,"革命,出国,烈士",6  
1336,林秀贞（人民英模·庆祝新中国成立60周年）,2010-02-24,"林秀贞,庆典,赡养",8  
1337,文化中的中国细节（文化脉动）,2009-11-20,"文化,建筑,艺术节",17  
1338,发展成就举世瞩目 美好生活应当珍惜,2009-07-09,"成绩,宁夏新疆成就,广西宁夏新疆",4  
1339,让真理照亮官兵心灵（国防和军队建设）,2009-05-11,"官兵,朱毓姝,真理",10  
1340,舞动焊花的“技术尖兵”（关注一线工程师）,2014-11-27,"“技术尖兵”,工程师,马晓东",11  
1341,坚持不懈 抓出成效,2014-04-23,"成果,建设,社会主义核心",16  
1342,善行如月照山河,2012-10-31,"道德,“善行河北”,建设",15  
1343,《灯花》照亮了北岛的心,1980-07-30,"北岛,《灯花》,母亲",7  
1344,生命大营救中的“四个第一”（灾区党旗红）,2008-06-02,"灾区,“四个第一”,地震",7  
1345,“半边天”的优势（人民论坛）,2003-08-26,"半边天,妇女,就业",4  
1346,农村新事,2008-01-13,"乡镇,“扩权强乡”,社区",7  
1347,白鸥翩翩龙江曲,1994-08-10,"《木兰传奇》,表演艺术,人物",8  
1348,“江主席派来的菩萨兵”,2002-10-28,"赵秀玲,菩萨兵,武警水电三总队",6  
1349,工作着是美丽的,1994-03-08,"雕塑,陈厚棣,王淑华",9  
1350,妇女岂止能撑半边天,1994-03-04,"妇女岂止,香港妇女界,条约",10  
1351,虚功实做 效果实在,2002-06-27,"道德,虚功实做,建设",11  
1352,沈敏 钢铁工厂女娇娥（身边的感动）,2011-03-07,"沈敏,钢铁工厂,创新",19  
1353,中国女篮翻身记事,1982-12-11,"宋晓波,中国女篮,篮球锦标赛",8  
1354,路遥知马力,1982-03-20,"比赛,马力,运动员",8  
1355,帮助千万姐妹创业再就业,2006-08-02,"再就业,创业,妇女",4  
1356,执著的舞台之星,2002-01-15,"林奋,艺术,京剧",12  
1357,风光此日好　泳坛说沉浮,1992-08-02,"奥运会,垄断,比赛",4  
1358,我健儿又获３金１银１铜,1992-07-29,"奥运会,第一名,王义夫",1  
1359,醉在水乡（一方水土）,1997-01-22,"地方,“鱼包韭菜”,水族",11  
1360,悠悠公仆情,1996-10-22,"群众,冯改朵,农民",11  
1361,长空女英豪,1991-05-05,"飞机,“巾帼建功”,聂传春",5  
1362,新中国 新厦门,1999-10-08,"厦门太古飞机工程有限公司,投资,国内生产总值",8  
1363,七个孩子的“妈妈”,1995-08-01,"母亲,郑忠燕,ＳＯＳ儿童",10  
1364,边关木棉红,1995-07-04,"武警云南边防总队木康检查站,朱志萍,边境",10  
1365,纺织姑娘,1995-06-29,"纺织姑娘,临时工,广元市纺织厂",12  
1366,做完整的女人,1995-03-11,"劳德容,深圳能源总公司,深圳市政府",9  
1367,身在异国　魂系中华,1990-01-06,"胡育筑,成绩,暴乱",5  
1368,怎样看待知识与金钱？（书信来往）,1987-02-07,"书信,“远近闻名的小富翁”,“趁年轻多学点知识”",5  
1369,珍视文明成长的“她力量”（人民论坛）,2015-03-08,"文化,“她力量”,母亲",4  
1370,邰丽华（人民英模·庆祝新中国成立60周年）,2009-12-17,"邰丽华,中国残疾人艺术团,英模",5  
1371,发挥新乡贤的有益力量（一线视角）,2018-06-15,"新乡贤,有益力量,文化",5  
1372,女科学家抒豪情 大干四化勇当先,1980-03-07,"科学家,大干四化,中国",1  
1373,追寻我们的精神之源（中国道路中国梦）,2013-10-25,"精神之,民族精神,爱国主义",5  
1374,做有思想的问询员（十八大代表风采录）,2012-10-27,"思想,朱慧慧,旅客",5  
1375,歌剧领衔音乐节（文艺点评）,2008-11-07,"歌剧,北京国际,点评",16  
1376,梨园正气的历史颂歌,2008-06-19,"历史,裴艳玲,人物",16  
1377,刘玉梅　“洋”白菜到圆白菜的变迁（十七大代表风采录·喜迎十七大）,2007-10-06,"刘玉梅,十七大代表,圆白菜",2  
1378,全国十大敬业奉献模范候选人 D52 金桂兰,2007-09-01,"金桂兰,模范,候选人",33  
1379,心裁别出　心情别样（港澳台侨快递）,2003-01-27,"礼品,两岸航空业,技术",10  
1380,武汉积极开展社区再就业服务,2002-10-04,"再就业,社区服务,就业服务",1  
1381,学科技奔小康,1998-09-23,"科技,花卉,技术",11  
1382,为再就业多做贡献,1998-09-23,"再就业,下岗,女工",11  
1383,大连用发展思路做好再就业工作,2002-07-25,"再就业,就业工作,下岗",1  
1384,“红徽章”在闪光,2012-06-25,"社区,“红徽章”,党员",6  
1385,撑开消费者保护伞,2012-03-19,"消费者,保护伞,海南省工商局",16  
1386,为民创建 持续向前（全国文明创建先进典型）,2012-02-13,"文化,城市,文明创建",15  
1387,爱的教科书,2011-10-24,"学生,桂贤娣,教科书",5  
1388,确保贷得出、用得好、还得上,2011-05-19,"贷款,妇女,担保",13  
1389,５年干了２２年的活儿（劳动者之歌）,2006-07-22,"“刘胡兰小组”,劳动者,太原矿山机器公司",2  
1390,草原上的“马背医生”（劳动者之歌）,2006-05-12,"草原,牧民,旦正草",2  
1391,胡锦涛亲切慰问一线公安民警和武警官兵并观看“长城2号”国家反恐怖指挥系统演习,2006-01-24,"官兵,系统,慰问",1  
1392,蓝色的挑战,1992-07-15,"奥运会,游泳锦标赛,中国游泳队",4  
1393,从平凡中揭示崇高,1996-07-12,"平凡中揭示,中北电视艺术中心,英模",12  
1394,江阴农家飘书香,1996-06-25,"农家,“一二三工程”,系统工程",5  
1395,为妇女进一步发展而奋斗,2000-03-07,"妇女,国际,社会发展",11  
1396,寄托着中国与人类的希望,1985-05-20,"长征,历史,战士",7  
1397,六个小生合演《珍珠塔》 七个旦角合演《孟丽君》　 锡剧名角南京大会串,1961-11-05,"《孟丽君》,《珍珠塔》,大会串",4  
1398,让文明创建变成百姓实惠,2016-12-28,"文化,城市,文明创建",22  
1399,小段书记有股劲儿（两优一先典型）,2016-07-10,"书记,典型,段妍青",4  
1400,墨西哥人习武有心得（第一现场）,2010-07-19,"师傅,文化,邹志鹏",14  
1401,亲近自然　享受冰雪（2010年温哥华冬奥会特别报道）,2010-02-16,"冬奥会,温哥华,比赛",4  
1402,滨海人的精神肖像（全国文明村镇风采）,2009-02-21,"精神肖像,文明村,文化",5  
1403,太空潇洒走一回（科技大观）,2006-09-04,"俄罗斯联邦航天署,专家,航天飞机",7  
1404,“洛阳金凤来”,1981-07-18,"“洛阳金凤来”,艺术,洛阳市豫剧团",8  
1405,有感于“未便再荐”（人民论坛）,2003-12-22,"“未便再荐”,北京文史馆,烈士",4  
1406,农家女上网学本事（地方经济）,2003-10-27,"农家女,上网,网络",15  
1407,扶助“特殊孤儿” 需要填补法律空白,2007-02-07,"法律,“特殊孤儿”,规定",15  
1408,公交“节油王”（劳动者之歌）,2007-01-30,"“节油王”,车辆,劳动者",2  
1409,抗洪抢险不让须眉,1998-09-23,"抗洪抢险,妇女,湖北省妇联",11  
1410,顾大家而忘小家（朴素人生）,1998-07-15,"小家,阎银玲,罚金",9  
1411,同植友好合作之树,2006-10-31,"友好,合作,领导人",2  
1412,夯实依法履职之基（推进公民道德建设）,2011-09-19,"建设,湖南省检察院,公民",6  
1413,乘务员中的女“状元”,1993-06-06,"乘务员,吴凤齐,旅客",3  
1414,体坛速递,2006-03-27,"比赛,篮球公开赛,业余篮球",12  
1415,护士长的最后四天,2006-01-08,"安徽省立医院神经内科,护士长,丁艾梅",4  
1416,在大寨做客,2000-11-25,"宋立英,虎头山,住房",6  
1417,美的创造者（杏林名家）,2000-07-28,"病人,美容,嘉奖",8  
1418,京剧要常演常新,1991-10-19,"京剧,常演常,人物",8  
1419,开掘冼夫人文化内涵,2004-07-23,"文化内涵,历史,经济",9  
1420,搭台又唱戏,1995-04-19,"妇女工作,孟凤鸣,临汾地区妇联",3  
1421,殷红的石竹花,1995-03-18,"石竹花,路易丝·米歇尔,泰奥菲尔·费烈",7  
1422,遇罗锦的落魄,1990-04-02,"遇罗锦,《春天的童话》,《冬天的童话》",2  
1423,戏剧大师与围棋巨匠,1987-10-28,"戏剧,《吴清源围棋全集》,中日关系",8  
1424,壮丽的颂歌——看朝鲜影片“沙道城的故事”后,1957-08-26,"“沙道城的故事”,影片,人物",8  
1425,基本国策要落细落实（贯彻基本国策　实现性别平等）,2015-10-13,"妇女,基本国策,性别平等",19  
1426,树立非公企业党建“事业观”,2016-07-04,"非公企业党建,党建工作,党建工作与医院",5  
1427,铺宽村里致富路（最美基层干部）,2016-03-01,"邓迎香,麻怀村,打工",9  
1428,大别山赋,2009-02-14,"大别山,科学,中原",8  
1429,山东妇联开展家庭文化建设活动,1993-08-26,"家庭文化,文化建设,社会主义",3  
1430,帮助千万姐妹创业再就业,2006-08-02,"再就业,创业,妇女",1  
1431,汉藏民族团结的赞歌,1980-01-02,"汉藏,《文成公主》,北京舞蹈学院",5  
1432,碧空万里任遨游,1979-09-24,"比赛,空中飞人,特技跳伞",4  
1433,这座城市属于海,2017-09-22,"城市,属于海,故事",24  
1434,阳江国税：文化兴税奏和声,2014-09-19,"阳江国税,文化兴税,阳江市国税系统共组织",12  
1435,唱做俱佳的虎美玲,1989-12-16,"人物,《大祭桩》,花木兰",8  
1436,《我们的邓大姐》拍摄札记,1989-07-19,"《我们的邓大姐》,斗争,革命",8  
1437,两代风流一样情,1989-02-13,"贝·布托,《人民日报》,签字",6  
1438,新年的期盼,1994-01-07,"中国女排,冬奥会,运动员",11  
1439,情谊联两岸 携手共发展,2006-09-21,"海峡两岸妇女发展交流研讨会,代表,家庭教育",16  
1440,举全国妇女之力 建西部美好家园,2002-03-03,"妇女,西部大开发,美好家园",7  
1441,蒙塔尔纪——见证信念历程,2011-06-10,"蒙塔尔纪,“伟大的足迹”,历史",23  
1442,呼吁宣传劳动妇女的形态美,1982-01-12,"劳动妇女,宣传,青年",4  
1443,丹青妙笔铸精神,1992-10-21,"丹青妙笔铸,艺术,人物",8  
1444,发展妇女事业　构建和谐社会（社论）,2005-03-08,"和谐社会,妇女事业,社会主义",1  
1445,首都举行大会纪念“三八”节,1996-03-09,"纪念大会,妇女,“三八”节",4  
1446,洒向姐妹都是爱,1996-03-06,"下岗职工,工会女职工委员会,条约",12  
1447,众人拾柴火焰高,2004-07-10,"济困,中国,人口",5  
1448,各地深入开展学习任长霞活动,2004-06-12,"任长霞,学习任,先进事迹",4  
1449,天津为妇女施展才干提供舞台（认真贯彻男女平等基本国策）,2004-03-18,"妇女,基本国策,贯彻",10  
1450,增收致富　有效载体,2004-02-21,"农村妇女学校,妇女增收致富,“双学双比”",6  
1451,本色阳刚之美,1990-08-20,"谷秀荣,河南省禹州市豫剧团,阳刚之美",8  
1452,凝聚爱国爱厂情,1995-02-07,"凝聚爱国爱厂,“二七”精神,传统教育",3  
1453,永新风骨,2009-06-13,"永新人,革命,历史",8  
1454,以服务构建和谐社会（全国文明村镇风采）,2009-02-24,"群众,和谐社会,嘉善",8  
1455,基层公安局长的和谐观,2007-05-23,"群众,天津市公安局宁河分局,警察",14  
1456,人民网网友深情悼长霞（读者留言板）,2004-06-07,"人民网网友,任长霞,公务员",5  
1457,在共和国的天平上,1995-08-14,"中国,妇女参政,共和国",1  
1458,洒向神州是真情（国企下岗职工再就业工程聚焦（4））,1999-05-10,"下岗,职工,就业",1  
1459,一名女教授的经纬人生,2010-12-09,"摄影测量,马秋禾,系统",1  
1460,一个城市的交通“魔方” （纪念改革开放30周年）,2008-04-26,"改革,城市,邢台市公交总公司",8  
1461,一名女教授的经纬人生,2010-12-09,"摄影测量,马秋禾,系统",15  
1462,百位共产党人百篇小传（四）,2014-07-03,"农民,罗映珍,秦文贵",4  
1463,用科学理论指导妇女工作,1998-08-27,"妇女工作,科学,社会主义",10  
1464,洒向神州是真情（国企下岗职工再就业工程聚焦（4））,1999-05-10,"下岗,职工,就业",2  
1465,在共和国的天平上,1995-08-14,"中国,妇女参政,共和国",4  
1466,忠贞不渝　毕生奉献,1990-07-22,"李贞,忠贞不渝,毕生奉献",5  
1467,青春绽放辉煌时,2009-09-25,"电影,《铁流1949》,《方队》",20  
1468,赊店ＣＣＴＶ车王拉力车队庆功 中华巾帼软式网球赛在京举行　气功养生交流大会加紧筹备,1996-10-29,"气功养生,养生交流大会,赊店",8  
1469,"蓉城十余万人为绿茵姑娘加油
足球城巾帼不让须眉勇夺桂冠",1986-03-03,"比赛,《成都晚报》,大连队",3  
1470,体育运动委员会公布 第一套工人操——纺织工人操　 巾帼英豪还看今朝,1960-03-07,"工人阶级,工人操,纺织工人",4  
1471,力与美的交响,2008-07-27,"艺术,奥运会,中国美术馆",7  
1472,英雄心声,2003-07-09,"辽宁省鞍山市图书馆,中华见义勇为基金会,工程",15  
1473,看台人语,2003-02-14,"春节晚会,浪费,批评",16  
1474,新疆主题教育收效显著,2011-10-08,"主题教育,中国石油乌石化公司,建设",6  
1475,吉林白山 努力填补爱的空白（深阅读）,2015-08-06,"留守儿童,政府,志愿者",4  
1476,中国社会主义电视剧的美学品格,1991-09-19,"电视剧,社会主义,美学品格",5  
1477,巨人的形象,1995-10-16,"国家盖西客站,工程,青年突击队",12  
1478,全运会第三天决出近四十枚金牌　 游泳馆田径场频频报捷　全国纪录亚洲纪录连连刷新,1987-11-24,"全运会,全国纪录,比赛",4  
1479,体坛速递,2006-08-31,"比赛,奥运会,第一名",12  
1480,情出胸臆方动人,2013-01-08,"《赵锦棠》,艺术节,人物",14  
1481,大力防沙治沙 再造秀美山川,2002-06-18,"防沙治沙,秀美山川,书记",7  
1482,战场上的好汉 劳动中的英雄,1960-04-20,"民兵,劳动,战场",6  
1483,他和战士一起学雷锋,1992-03-03,"战士,雷锋,黄智",3  
1484,农民申纪兰,2000-08-05,"农民,西沟村,劳模",8  
1485,点点滴滴育新苗,2004-09-19,"社区,学校,学生",2  
1486,八方寄语世妇会,1995-09-02,"世妇会,妇女,“平等、发展、和平”",4  
1487,巡回秦岭,1995-06-23,"易兰芬,工人阶级,火车",12  
1488,安乐而温馨的事业,1995-06-05,"韩秀玲,妇女,产品",12  
1489,边关国旗红,1999-04-20,"木康边防检查站,电话,官兵",12  
1490,围绕“实”字建设核心价值体系（调查与思考）,2012-12-14,"建设,核心价值,道德",7  
1491,在改革中奋起,1988-03-07,"妇女,改革,中国",4  
1492,亦庄亦谐见精神,2003-06-01,"《神医喜来乐》,亦庄亦谐,电视",6  
1493,“６·１８”：项目对接 自主创新,2006-06-18,"“６·１８”,创新,对接",6  
1494,党在心中 正气泰然,2001-06-09,"正泰集团,正气泰然,企业",1  
1495,群众至上,2000-09-06,"群众,社区,思想政治工作",1  
1496,凤啸长空　自备一格,1990-08-02,"艺术,胡小凤,创新",5  
1497,为生命之花重开（时代人物）,2003-04-17,"生命之花,人物,解放军总医院护校",10  
1498,网络文化新景观（文化现场目击）,1998-07-02,"网络,文化,世界杯",11  
1499,学习女排 勇攀高峰 振兴中华,1981-11-23,"女排,茶话会,振兴中华",1  
1500,迷人的胡杨林（神州情思）,2005-01-04,"胡杨林,质量,《水浒传》",15  
1501,艺术的奇妙与伟大,1996-03-02,"艺术,《木兰传奇》,《爨碑残梦》",7  
1502,中国妇女第十一次全国代表大会开幕,2013-10-29,"妇女,全国代表大会,开幕",1  
1503,雷锋馆人学雷锋纪红建,2012-12-17,"雷锋馆,湖南雷锋纪念馆,雷锋精神",24  
1504,抓住时机全面加强妇联建设,1994-11-19,"建设,妇女,全国妇联七届二次执委会",1  
1505,唐山处处有雷锋（深入开展学雷锋活动）,2003-02-27,"雷锋,志愿者,十佳",4  
1506,难忘幸会情悠悠,1994-07-25,"广东地方口语中,诞辰,王季青",8  
1507,一部《根》式的美国华人血泪史,1982-05-16,"华人血泪史,历史,铁路",7  
1508,民族地区百姓心系两会,1998-03-11,"新疆维吾尔自治区,下岗,民族地区",3  
1509,战友啊战友,2001-10-11,"战友啊,军队,征兵",12  
1510,榜样效应,1996-07-29,"模范,企业,领导干部",3  
1511,重在行动,1995-09-16,"妇女,中国,《内罗毕战略》",1  
1512,初识党家村（九州风物）,2006-06-20,"文化,建筑,历史",15  
1513,党在心中 正气泰然,2001-06-09,"正泰集团,正气泰然,企业",3  
1514,充实的人生,1992-09-09,"薛红仙,病人,医院消化内科",5  
1515,继承发扬光荣传统 把淮安建设更美好,2001-02-08,"建设,淮安市委,人民政府市长",12  
1516,百年奥运群英谱,1996-07-21,"奥运会,世界纪录,运动员",3  
1517,七十七台优秀剧目向国庆献礼,1999-09-10,"国庆献礼,艺术,《元朝帝师八思巴》",9  
1518,全国十大农民女状元,2004-02-21,"农民,文化,科技",6  
1519,春运路上中国人(体验·转型中国 基层影像),2013-01-27,"春运,火车,崔广新",4  
1520,发挥妇联作用 促进家庭和谐,2007-01-06,"留守儿童,家庭教育,社区",5  
1521,为拿出精品而拚搏,1994-02-08,"中央电视台,春节,电视纪录片",3  
1522,牧区牛羊保护神（西藏和平解放６０周年·雪域脊梁）,2011-06-20,"牧区,家畜,色珠",14  
1523,城岛的传说,1984-05-27,"城岛,塞纳河,城市",7  
1524,政府搭把手 创业快步走（探路供给侧·企业成本怎么降）,2016-09-22,"企业,创业,王馨",10  
1525,让文化回归大众(藝文观察),2010-05-27,"群众,专业,首创",24  
1526,何慧婉：我国第一位土家族导弹专家,1994-07-29,"中国,何慧婉,专家",10  
1527,“以事立案”突破反渎瓶颈（法律监督在基层）,2007-05-09,"监督,案件,“以事立案”",14  
1528,守护首都“生命之水”,2011-01-06,"水库,产业,就业",6  
1529,首都各界向女将军李贞遗体告别,1990-03-23,"李贞,遗体告别,革命",1  
1530,桐庐：留守儿童有了青年爸妈,2016-05-06,"青年,爸妈,浙江桐庐县",13  
1531,“贺岁”娱乐应有品位,2009-12-31,"影片,电影,《十月围城》",20  
1532,天山南北的京剧新花——喜看《西琳与帕尔阿特》,1963-11-05,"《西琳与帕尔阿特》,京剧,天山南北",6  
1533,人人争当志愿者,2014-04-21,"机制,争当志愿者,人人争当",4  
1534,让理论之树常青,2008-02-23,"理论,方永刚,改革",8  
1535,川江航道的守护者（劳动者之歌）,2006-04-28,"谷秀全,长江重庆航道局丰都航道处,船舶",7  
1536,我运动 我美丽,2005-12-02,"体育,奥运会,妇女",12  
1537,“双合格”教育深入人心,2005-05-30,"“双合格”,家庭教育,儿童",8  
1538,在冠军的背后,1996-07-12,"体育,企业,洪晓狮",8  
1539,客到琼崖不思归（经典中国⑩）,2004-07-26,"琼崖,革命,历史",1  
1540,排难解忧 赤诚尽职,1985-03-01,"妇女,律师,法律",4  
1541,潘多 永远的攀登者,2014-04-02,"潘多,中国登山队,攀登者",13  
1542,唤得生命自天回（抗震救灾英雄谱）,2008-06-27,"医院,天回,地震",6  
1543,曹韵贞：在中国抵御艾滋病（人物）,2003-10-08,"艾滋病,曹韵贞,医大附属中山医院",5  
1544,坚定不移贯彻习近平强军思想 为全面建成世界一流海军努力奋斗,2018-04-13,,4  
1545,红凤雏鹰共护青山绿水（两纲之窗）,2005-07-22,"妇女,环保厅,设计",13  
1546,霜重叶更红,2000-11-24,"霜重叶,叶更红,中国",10  
1547,下岗女工的人生变奏,2004-05-02,"下岗,凯森蒙制衣集团有限公司,服装",1  
1548,不平凡的人生,1999-07-04,"玛格丽特,詹姆士,食品",3  
1549,示范社区：让城市党建入户入心（本期聚焦）,2004-01-20,"社区,党建,城市",13  
1550,我见到过的伊巴露丽同志,1985-12-09,"伊巴露丽,多洛雷斯·伊巴,西班牙共产党",6  
1551,阳光村务提升群众获得感（最美基层干部）,2018-06-08,"群众,阳光村务,李元敏",6  
1552,法律监督的探索,2002-12-11,"监狱和看守所,法律监督,张晓丽",10  
1553,她像闪光的焊条,1994-07-08,"赵金兰,山东省长岛县船业总公司,工人阶级",3  
1554,为民服务创先争优 打造群众满意工程,2011-08-23,"群众,创先争优,为民服务",15  
1555,时尚老旦袁慧琴（艺与人）,2011-08-11,"袁慧琴,艺术,京剧",24  
1556,李淑华 一路平安一路情（身边的感动）,2011-06-10,"李淑华,铁路,事件",6  
1557,呕心沥血磨一戏,1996-12-27,"呕心沥血,《西施断缆》,戏曲",12  
1558,群众至上,2000-09-06,"群众,社区,思想政治工作",4  
1559,『当代娘子军』,1995-10-09,"连队,女子民兵,火车",5  
1560,女儿的路,1995-07-24,"长春市英平类风湿医院,病人,财产",12  
1561,“上校连长”,1995-07-21,"通信,战士,电话",12  
1562,科技女杰贡献多（科技漫话）,1999-03-11,"科技,科学家,计算机",7  
1563,“柔情似水，烈骨如霜”,1959-10-22,"陈璧娘,烈骨,张达",8  
1564,《老阿姨》：展现生命的光彩（影视窗）,2016-07-19,"《老阿姨》,甘祖昌,影视",14  
1565,全国教书育人楷模候选人事迹简介,2016-07-21,"学生,教师,教育",15  
1566,第四届中国十大女杰候选人简要事迹,2002-10-15,"科技,汉族,党员",11  
1567,全国教书育人楷模候选人事迹简介,2016-07-21,"学生,教师,教育",16  
1568,“樵夫”的魔力,2017-04-15,"廖俊波,“樵夫”,书记",1  
1569,在纪念“三八”国际劳动妇女节100周年大会上的讲话,2010-03-08,"妇女,国际,中国",2  
1570,“樵夫”的魔力,2017-04-15,"廖俊波,“樵夫”,书记",6  
1571,为妇女儿童权益鼓与呼（议政）,2014-03-19,"妇女,儿童,权利",20  
1572,与深化改革同行,1998-05-13,"再就业,改革,下岗",2  
1573,区域性文化中心呼之欲出,2012-01-05,"文化产业,区域性,城市",13  
1574,她用一生履行诺言（党旗礼赞）,2011-07-30,"曾志,革命,党旗",8  
1575,深度与高度,2011-07-10,"中央美术学院,博物馆,历史",8  
1576,十户“最美家庭”受表彰,2015-10-28,"“最美家庭”,表彰,夫妇",9  
1577,槐庭依然剑琴鸣（名人故居）,2016-01-04,"故居,秋瑾,剑琴",24  
1578,造就万千“土专家”和“田秀才”,2010-05-22,"农村实用人才,产业,“土专家”",2  
1579,掌握规律　服务群众,2000-07-14,"群众,社区,规律",3  
1580,国企改革在广西（下）,1999-09-20,"国有企业,国企改革,从实际出发",2  
1581,浇灌道德花朵 共建和谐家园,2006-12-01,"道德,公民,建设",4  
1582,她把心交给了病人,2002-05-26,"病人,专家,武警部队",1  
1583,真善如海美燕赵,2012-08-06,"群众,燕赵,道德",13  
1584,温家宝赴长庆油田看望石油工人,2012-01-23,"工人阶级,长庆油田,石油工人",1  
1585,深圳　一座城市的公益样本（公益2012行动的力量·公益透视）,2012-01-18,"城市,公益样本,政府",6  
1586,大连，在学习中执着前行（全党学习在行动）,2012-01-10,"建设,党员,全党学习",18  
1587,商丘人 爱说“管”,2015-07-25,"“跟我来志愿服务”,李洪深刚学会,商丘市水上义务救援队",6  
1588,变“空巢”为“暖巢”,2015-05-24,"“空巢”,建设,“暖巢”",10  
1589,将门之女的追求,1998-01-31,"林华卿,将门之女,潜艇",1  
1590,塑造文明新形象,2001-09-14,"文化,社区,城市",1  
1591,一路飘洒快乐,2004-07-31,"一路飘洒,孟繁英,社区青少年禁毒教育基地",8  
1592,努力攀登舞蹈艺术的高峰,1985-08-05,"舞蹈,民族,思想",7  
1593,群星灿烂红十字,2009-11-02,"病人,创新,吴孟超",8  
1594,至上追求（国防和军队建设）,2009-04-04,"胡文萃大学,科学,军队建设",5  
1595,“天使”的使命,2003-09-13,"武警广东边防总队深圳医院,人才,军队",2  
1596,推动社会全面进步的战略方针（１９７８－１９９８纪念改革开放二十周年特稿⑽）,1998-12-11,"方针,改革开放,精神文明",1  
1597,基层选调生群像扫描（选调生在基层）,2012-06-25,"选调生,领导干部,市委组织部",11  
1598,张新玲　大爱无亲疏　高龄皆父母（身边的感动）,2011-03-15,"张新玲,高龄皆父母,敬老院",6  
1599,丹心为人民,1998-03-02,"医院,病人,群众",3  
1600,爱洒伊犁河谷,2001-09-03,"伊犁河谷,龚惠云,闫鸿法",4  
1601,爱洒伊犁河谷,2001-09-03,"伊犁河谷,龚惠云,闫鸿法",1  
1602,这里堡垒更坚强（本期特稿）,2000-08-29,"工程,湖北电建一公司,中国",11  
1603,青春铸就的辉煌,1996-01-15,"通信,电话,模范",1  
1604,群团怎么干 群众说了算,2016-05-13,"群众说了算,党建,改革",6  
1605,为红色娘子军读报（我与人民日报·纪念人民日报创刊70周年）,2018-06-13,"娘子军,《人民日报》,纪念",24  
1606,能人领着跑 山珍卖得俏（民生调查“+”出脱贫路①）,2017-11-30,"脱贫,贫困户,融安巾帼大坡飞鸡养殖合作社",23  
1607,用人才和文化支撑固体动力事业,2012-08-15,"人才,文化,航天",22  
1608,泳坛新局浮出“水立方”,2008-08-18,"奥运会,“水立方”,游泳",9  
1609,战士的第二故乡,1989-11-27,"战士,军队,官兵",5  
1610,国际象棋王国之门能叩开吗？,1994-11-25,"中国国际象棋集训队,第一名,苏珊·波尔加",11  
1611,她把心交给了病人,2002-05-26,"病人,专家,武警部队",4  
1612,与深化改革同行,1998-05-13,"再就业,改革,下岗",1  
1613,为银川添绿的人们（关注·自助绿化）,2006-08-17,"绿化,认育,添绿",16  
1614,昆嵛杜鹃红,2001-09-07,"农民,昆嵛,农技推广中心",4  
1615,“生命线”上的绝唱,2000-06-01,"邵荣雁,“生命线”,干部考察",1  
1616,柴达木掠影（名家新作）,2004-10-23,"柴达木,祁连山,沙漠",8  
1617,进入新时代 勇攀新高峰,2018-01-25,"创新,科技体制改革,科研",9  
1618,百位共产党人百篇小传（五）,2014-07-04,"赵亚夫,朱彦夫,徐克成",4  
1619,访秋瑾墓,1981-10-10,"烈士,访秋,秋瑾",5  
1620,张慧：梦想在养老业中实现（人物）,2003-08-27,"张慧原,老年公寓,人物",5  
1621,请个月嫂有多难？（深阅读·聚焦家政服务市场（上））,2012-02-09,"家政服务市场,价格,物价",4  
1622,马盂山下,2011-09-03,"马盂,民族,契丹",8  
1623,“作好党员，好干部，革命的贤妻良母”,1983-03-07,"革命,贤妻良母,妇女干部",4  
1624,将门之女的追求,1998-01-31,"林华卿,将门之女,潜艇",2  
1625,塑造文明新形象,2001-09-14,"文化,社区,城市",6  
1626,1999年度“中国青年五四奖章”获得者事迹简介,1999-04-16,"“中国青年五四奖章”,1999年度,中共",3  
1627,又到金秋收获时（红色家园）,2016-10-03,"红军,粮食,菊花",8  
1628,方队标兵 军人标杆（热点解读·喜迎国庆60周年）,2009-09-11,"国庆,模范,军人",6  
1629,香江之畔写忠诚,2009-07-02,"理论,香江之畔,真理",10  
1630,古训如清风 从来德润身,2018-04-06,"公园,文化,《三国志》",6  
1631,破封建迷信 立精神文明（调查汇报）,1997-04-23,"精神文明,调查,封建迷信活动",9  
1632,文明沃土育新人,2004-11-09,"文化,社区,文明创建",2  
1633,愿做丝路守护者（速写·核心价值观践行者）,2014-08-07,"新疆吐鲁番文物局,核心价值观,王霄飞",19  
1634,真善如海美燕赵,2012-08-06,"群众,燕赵,道德",1  
1635,青松伴忠骨　红枫映丹心,2011-07-18,"朱枫,烈士,母亲",11  
1636,别让农村老人“空巢”又“空心”,2011-05-08,"“空巢老人”,农村老人,打工",6  
1637,《西湖梦寻》及其他,1982-06-07,"《西湖梦寻》,张宗子,《梦忆》",8  
1638,走近“全国模范检察院”,2002-08-14,"北京市丰台区人民检察院,“全国模范检察院”,犯罪",6  
1639,杨先政———洒向人间都是爱,2002-05-08,"杨先政,市福利院,敬老院",5  
1640,楷模颂,2002-02-27,"龙清秀,群众,母亲",4  
1641,凝心聚力惠民生,2011-03-08,"担保,“妇女之家”,建设",14  
1642,昆嵛杜鹃红,2001-09-07,"农民,昆嵛,农技推广中心",1  
1643,女工与将军,1990-07-28,"军队,女工,医院",1  
1644,中华民族源远流长的歌,1987-04-14,"中华民族,《话说运河》,艺术",5  
1645,浙江：点赞千名好支书（深度关注）,2015-07-21,"书记,“好支书”,“千名好支书”",18  
1646,开创更加美好的未来,2016-11-18,"妇女,儿童,中国",4  
1647,扬帆踏上新征程,2010-09-09,"中华全国妇女联合会,中国,国务院妇女儿童工作委员会",16  
1648,香江之畔写忠诚,2009-07-02,"理论,香江之畔,真理",1  
1649,於之莹 要和男棋手比高下（中国新棋谱）,2017-03-30,"於之莹,比赛,职业",15  
1650,过一个欢乐祥和文明的春节,2003-02-01,"春节,下岗,文化",4  
1651,失去“铁饭碗”之后……（调查汇报）,1997-11-17,"职工,下岗,就业",9  
1652,“生命线”上的绝唱,2000-06-01,"邵荣雁,“生命线”,干部考察",2  
1653,全国人大常委会负责人与各地代表 共同审议全国人大常委会工作报告,1996-03-16,"妇女工作,民族,工作报告",4  
1654,白山黑水不会忘记,1995-07-18,"抗联,白山黑水,战士",3  
1655,有志者事竟成,1999-06-01,"下岗,有志者事竟成,职工",2  
1656,八位英雄模范人物简介,1995-03-06,"英雄模范人物,创新,简介",2  
1657,科研每与血脉连（逐梦英才）,2015-05-29,"科研,范云六院士,植酸",6  
1658,“欧罗巴利亚—中国艺术节”华幕将启,2009-10-07,"艺术节,欧罗巴利亚,文化",3  
1659,王丽琼：逐梦乡村幼儿园（青春派·80后的创业人生⑥）,2013-08-20,"王丽琼,乡村幼儿园,创业",19  
1660,高原格桑花（闪光的足迹·散文特写）,2003-04-12,"格桑花,赵秀玲,高原",8  
1661,推动社会全面进步的战略方针（１９７８－１９９８纪念改革开放二十周年特稿⑽）,1998-12-11,"方针,改革开放,精神文明",3  
1662,女儿有志挥金戈,1998-07-15,"张可,军事理论,军队",4  
1663,温家宝赴长庆油田看望石油工人,2012-01-23,"工人阶级,长庆油田,石油工人",2  
1664,龙腾虎跃的时代画图,1983-04-12,"报告文学,时代画图,历史",5  
1665,机会偏爱有技能的人,1998-02-18,"下岗,吴桂华,田建",2  
1666,庆祝澳门回归祖国五周年大会暨澳门特别行政区第二届政府就职典礼隆重举行,2004-12-21,"政府,庆典,澳门回归",1  
1667,英雄儿女,1958-12-28,"民兵,“花木兰突击队”,船员",5  
1668,增强妇联的政治性先进性群众性（深入学习贯彻习近平同志系列重要讲话精神）,2015-10-12,"习近平同志,政治性,先进性",7  
1669,群星灿烂红十字,2009-11-02,"病人,创新,吴孟超",1  
1670,刀尖上跳舞的“霸王花”（新时代·面孔）,2018-07-06,"刀尖上跳舞,“霸王花”,女子侦查组",11  
1671,千树根为本　万事民为先,2011-07-25,"“为民服务创先争优”,人民群众,党员",2  
1672,向着“四个一流”的目标,2001-11-07,"“四个一流”,体育,信息技术",1  
1673,推进男女平等和谐发展,2005-02-08,"男女平等,科学发展观,妇女",13  
1674,中国扶贫的壮举,2004-05-29,"济困,扶贫开发,人口",5  
1675,建设者的风采,1995-06-22,"建设者,北京西客,工程",1  
1676,“甘洒青春热血，捍卫祖国南疆”,1985-10-05,"捍卫祖国南疆,甘洒青春热血,战士",4  
1677,定叫岗地大翻身,1959-04-17,"岗地,红旗,棉花",4  
1678,家风好，传家宝（文化脉动）,2016-04-07,"文化,家风好,领导干部",19  
1679,全国教书育人楷模候选人事迹简介,2012-07-10,"教师节,候选人,学生",18  
1680,全国教书育人楷模候选人事迹简介,2012-07-10,"教师节,候选人,学生",19  
1681,"创百万元收入帐　六成属妇女　白沙村里　看裙钗立业
点两万名娘子军　八千是英杰　胜利油田　喜巾帼建功",1986-03-07,"妇女,收入,娘子军",3  
1682,"未必巾帼输须眉　江苏三千余知识妇女　发明创造出佳绩
不光工余发雅兴　兰炼两百多兴趣小组　精神文明做贡献",1986-03-02,"创新,妇女,兴趣小组",3  
1683,管家理财 巾帼胜须眉 柘城妇女创造财富超过男人　 产销放开 肥膘换瘦肉 昌图农民面向市场发展商品（今日首都和各省市区报纸要目）,1985-03-08,"妇女,财产,创新",3  
1684,就全国妇联改革答记者问,2016-09-22,"妇女,妇联改革,群众",6  
1685,深切缅怀妇女儿童工作的光辉典范陈慕华大姐,2011-05-26,"国务院妇女儿童工作委员会,中国,马克思主义",8  
1686,科技进步与中国妇女,1992-03-06,"妇女,科技进步,人才",5  
1687,红树礼赞,2006-04-29,"城市,母亲,海洋",8  
1688,陈慕华同志生平,2011-05-19,"金融,国务院妇女儿童工作委员会,技术合作混合委员会",4  
1689,教育扶贫 让知识改变孩子命运,2016-07-10,"济困,教育扶贫,教师",6  
1690,中央精神文明建设指导委员会关于深入开展志愿服务活动的意见,2008-10-10,"志愿服务,中央精神文明建设指导委员会,志愿者",6  
1691,“最美志愿者、最佳志愿服务项目、最佳志愿服务组织、最美志愿服务社区”和“最美志愿服务群体”先进典型名单,2016-02-27,"志愿者,志愿服务,服务项目",8  
1692,“最美志愿者、最佳志愿服务项目、最佳志愿服务组织、最美志愿服务社区”和“最美志愿服务群体”先进典型名单,2016-02-27,"志愿者,志愿服务,服务项目",7  
1693,全国道德模范座谈会暨第八届中国公民道德论坛发言摘要,2011-09-23,"中国公民道德论坛,模范,道德模范",19  
1694,第七届中国十大女杰候选人事迹简介,2008-12-31,"科技,候选人,汉族",9  
1695,全国教书育人楷模候选人事迹简介,2013-07-18,"学生,教师,北京市通州区培智学校",24  
1696,全国教书育人楷模候选人事迹简介,2013-07-18,"学生,教师,北京市通州区培智学校",23  
1697,“最美基层法官”是怎样炼成的（新观察）,2014-06-25,"“最美基层法官”,群众,司法",17  
1698,让创先争优之花常开,2012-09-30,"创先争优,长效机制,争优之花常开",4  
1699,叛徒江青为什么扼杀《红岩》,1977-10-29,"《红岩》,故事,领袖华主席",3  
1700,龙城同唱发展歌,1994-07-13,"企业,青工,龙城",2  
1701,解放思想实事求是自强不息艰苦奋斗 妇女能够创造出无愧于时代光荣业绩,1998-09-11,"妇女,艰苦奋斗,创新",1  
1702,以高昂的精神状态奔向新世纪,1998-05-12,"精神状态,领导干部,军队",1  
1703,天地英雄气 民族浩然风,2015-09-17,"民族,特色社会主义,革命",11  
1704,让每个树窝都挺立一蓬绿（守望）,2016-09-21,"景祥俊,林场,植树",6  
1705,振奋民族精神 展现时代风采（热点解读·喜迎国庆60周年）,2009-09-17,"国庆,装备,展现时代风采",6  
1706,一代女魂,1991-12-08,"参政同盟会,妇女,女界",5  
1707,创业春潮涌动佳木斯,2004-07-02,"创业,下岗,企业",6  
1708,为了共和国的诞生（祖国颂①）,1999-08-25,"祖国颂,社会主义革命,社会主义",1  
1709,仰慕青山 英华不朽,2012-05-12,"国务院妇女儿童工作委员会,中国儿童少年基金会,中国妇女发展基金会",6  
1710,生态“树”结出富民“果”（乡村观察）,2010-12-19,"产业,环境,生态农业",5  
1711,中央国家机关积极开展全民健身运动,2005-09-21,"运动,中央国家机关,全民健身",12  
1712,纪念世界反法西斯战争中国人民抗日战争胜利六十周年新书,2005-07-24,"交战,人民抗日战争,纪念",8  
1713,巴山蜀水的文明新歌,2000-02-12,"文化,武警四川省总队,巴山蜀水",1  
1714,用自己的双手建设美好家园,2004-08-10,"建设,文化,美好家园",2  
1715,学习贯彻胡锦涛总书记重要讲话精神 把妇联组织建设成为坚强阵地和温暖之家,2010-07-15,"妇女工作,胡锦涛总书记,演说",13  
1716,南京：借力青奥会推进志愿服务制度化,2014-10-14,"志愿服务,力青奥,志愿者",15  
1717,热诚，献给世界妇女,1994-04-04,"妇女,中国组委会,行政财务委员会",1  
1718,为人民尽义务最光荣,1982-01-13,"战士,“当兵吃亏”,“鲁滨孙”",3  
1719,文明新风拂面来,2005-12-30,"文化,建设,职能",8  
1720,为祖国铸造和平盾牌,1997-02-18,"核试验病理,医学,动物",5  
1721,“五朵金花”的美丽人生,2005-04-26,"“五朵金花”,美丽人生,葛丽玲",14  
1722,为了共和国的诞生（祖国颂①）,1999-08-25,"祖国颂,社会主义革命,社会主义",3  
1723,开放和改革给妇女运动注入新的活力,1986-02-26,"改革开放,妇女,农村",4  
1724,乡规民约家训，传承文化基因（文化脉动·让传统文化活起来②）,2017-02-09,"传统文化,道德规范,赌博",19  
1725,梦想插上腾飞的翅膀（时代先锋）,2013-08-16,"技术,宋春彩,职工",2  
1726,三十年无法归拢的“新京派”（文论天地）,2013-06-21,"文学,“新京派”,无法归拢",24  
1727,以高昂的精神状态奔向新世纪,1998-05-12,"精神状态,领导干部,军队",3  
1728,“千年帝都”今朝“为民创建”,2011-05-26,"志愿者,“千年帝都”,“为民创建”",4  
1729,让广东绿些，再绿些,2015-07-28,"惠州森林公园,绿化,广东省林业厅",16  
1730,培塑有灵魂的“香江利刃”（国防视线）,2016-06-26,"连队,“香江利刃”,官兵",11  
1731,把阳光种在战士心田,2010-11-15,"战士,房萍,连队",16  
1732,第一要务：提高市民素质,2001-12-12,"文化,人才,道德",5  
1733,观海测浪 爱岗敬业,1996-12-24,"海洋,观海测浪,爱岗敬业",5  
1734,真情凝聚人心,2000-01-17,"社区,街道,文化",3  
1735,李伯钊同志生平事迹,1985-04-25,"李伯钊,中央苏维埃政府教育部艺术局,生平",4  
1736,迈向科学发展新天地,2012-02-13,"科学发展,群众,建设",2  
1737,为减少全球贫困而携手行动,2004-05-27,"济困,发展中国家,人口",1  
1738,“天路”铁军,2010-06-04,"官兵,公路,武警交通八支队",4  
1739,时代伟业展宏图,2006-08-06,"农村,人才,农业",1  
1740,当代军中花木兰,1993-07-04,"战士,郭俊卿,军中花木兰",5  
1741,真情凝聚人心,2000-01-17,"社区,街道,文化",1  
1742,我不想让哪一个球摔破了（关注·走近“科研玫瑰”①）,2017-08-28,"“科研玫瑰”,一个球摔破,科学家",18  
1743,居住创业总相宜（庆祝宁夏回族自治区成立50周年专稿）,2008-05-14,"创业,城市,庆典",13  
1744,成人的童话,1994-05-26,"历史,文化,文学",5  
1745,群雄逐鹿战英伦,2012-07-27,"奥运会,运动员,日本代表团",7  
1746,雄关赋,1982-06-07,"山海关,历史,“天下第一关”",7  
1747,跃马持枪女将军,1988-05-26,"张琴秋,营山妇女独立营,革命",5  
1748,基层好税官 服务纳税人（热点聚焦）,2012-05-07,"纳税人,湖北省利川市国税局,税务",18  
1749,巴山蜀水的文明新歌,2000-02-12,"文化,武警四川省总队,巴山蜀水",2  
1750,1999年全国十大杰出职工,1999-10-10,"“五一劳动奖章”,青年,办学",6  
1751,珞珈山上的风暴——记武汉大学的反右派斗争,1957-08-17,"右派分子,珞珈,吴开斌",3  
1752,志愿服务：成为生活方式有多远？（热点热议）,2010-05-05,"志愿服务,志愿者,培训",20  
1753,业务发展上台阶 精神文明结硕果,2009-02-09,"广东发展银行东莞分行,精神文明,金融",15  
1754,“特战玫瑰”向阳生长（新时代强军战歌）,2018-02-25,"“特战玫瑰”,理论,女子特战队",6  
1755,善泽牧野 德润新乡,2013-07-23,"道德,文化,新乡市委",13  
1756,举全民族之力（扶贫攻坚在神州㈢）,1998-10-21,"济困,贫困地区,扶贫攻坚",1  
1757,不恋闹市钻山沟,2012-04-29,"刘茹,装备,系统",2  
1758,时代伟业展宏图,2006-08-06,"农村,人才,农业",4  
1759,把精神文明建设落到实处,1996-10-03,"精神文明建设,社会主义,文化",9  
1760,以名牌农产品为导向（新闻追踪）,2000-04-16,"农产品,农业现代化,市场",4  
1761,人民艺术家常香玉（人物）,2004-06-10,"常香玉,人物,《花木兰》",5  
1762,在舞台上释放笑的魅力（文化脉动）,2015-07-30,"文化,艺术,经营",19  
1763,探秘西沙“天涯哨兵”（国防视线·来自边海防一线的报告）,2016-04-24,"西沙,“天涯哨兵”,官兵",6  
1764,“天路”铁军,2010-06-04,"官兵,公路,武警交通八支队",1  
1765,推动河长制从全面建立到全面见效,2018-07-17,"河长,河湖管理保护中,整治",10  
1766,传递正能量 聚合向心力（宏观扫描）,2014-11-02,"典型,实践,社会主义",5  
1767,碧水青山留住红色足迹（红色旅游）,2014-04-05,"烈士陵园,中央红军,会议",6  
1768,爱民护士长李爱民（人物）,2003-05-20,"病人,非典,医院",5  
1769,加快建设步伐　塑造文明形象,2002-11-16,"文化,建设,社区",7  
1770,四大难点考验 载人交会对接,2012-06-16,"交会对接,航天工程办公室,措施",5  
1771,不恋闹市钻山沟,2012-04-29,"刘茹,装备,系统",1  
1772,为群众多想点 为百姓多做些（创先争优进行时）,2012-01-31,"群众,创先争优,建议",18  
1773,一年硕果满枝头,1995-12-31,"鲍国安,白淑贤,艺术",4  
1774,让文化温润人心（治国理政新思想新实践·新理念引领新发展）,2016-06-12,"公共文化服务,建设,“流动”",2  
1775,让文化温润人心（治国理政新思想新实践·新理念引领新发展）,2016-06-12,"公共文化服务,建设,“流动”",1  
1776,百位共产党人百篇小传“七一”期间集中刊发,2014-06-30,"共产党人,集中刊发,“七一”",4  
1777,德才兼备的表率 青年学习的楷模,2014-05-21,"大学生,设计,青年",16  
1778,《李伯钊文集》序,1989-10-07,"《李伯钊文集》,革命,红军",3  
1779,举全民族之力（扶贫攻坚在神州㈢）,1998-10-21,"济困,贫困地区,扶贫攻坚",2  
1780,解放思想实事求是自强不息艰苦奋斗 妇女能够创造出无愧于时代光荣业绩,1998-09-11,"妇女,艰苦奋斗,创新",3  
1781,身怀绝技“霸王花”（八一之声）,2012-04-27,"“霸王花”,身怀绝技,国际",19  
1782,把文明带入新世纪,1999-12-23,"文化,精神文明,建设",11  
1783,巾国炉旁,1958-11-24,"妇女,炼铜,小胡",3  
1784,这白与黑就是天和地（名家在线）,2016-05-22,"书法,艺术,周慧",12  
1785,提升本领一天也耽误不得（全党学习在行动）,2010-12-21,"领导干部,建设,制度",17  
1786,全国教书育人楷模候选人事迹简介,2018-07-20,"学生,教书育人,教育",15  
1787,2014年中国人权事业的进展,2015-06-09,"人权,权利,少数民族",9  
1788,2014年中国人权事业的进展,2015-06-09,"人权,权利,少数民族",10  
1789,全国教书育人楷模候选人事迹简介,2018-07-20,"学生,教书育人,教育",14  
1790,青年有理想 直追前辈 二百余毕业生去青海高原 大展宏图　 巾帼多奇志 不让须眉 十四名女学员赴滇桂前线 报效国家（今日首都和各省市区报纸要目）,1985-08-11,"名女学员,毕业生,报纸",3  
1791,2005中国法官十杰评选,2005-12-28,"案件,评选,当事人",14  
1792,德耀中华·第六届全国道德模范候选人事迹(下),2017-07-25,"模范,道德,韩英",20  
1793,全国助人为乐模范候选人,2009-06-19,"助人为乐模范,柏万青,赵红亮",21  
1794,全国敬业奉献模范候选人,2011-05-31,"模范,敬业奉献,医院",34  
1795,第五届中国十大女杰候选人简介,2004-12-14,"科技,候选人,汉族",14  
1796,全国助人为乐模范候选人,2015-06-24,"模范,新疆喀什市残友科技有限公司,李举峰",7  
1797,全国教书育人楷模候选人事迹简介,2017-07-11,"学生,教育,汉族",16  
1798,全国教书育人楷模候选人事迹简介,2014-07-10,"学生,教师,北京市通州区培智学校",19  
1799,全国教书育人楷模候选人事迹简介,2014-07-10,"学生,教师,北京市通州区培智学校",18  
1800,全国教书育人楷模候选人事迹简介,2017-07-11,"学生,教育,汉族",15  
1801,世锦“大考”，南宁这样迎战,2014-09-30,"文化,食材,食品",18  
1802,充分发挥妇女“半边天”作用　为夺取全面建设小康社会新胜利贡献智慧和力量,2008-10-29,"妇女,全面建设小康社会,小康建设",2  
1803,赤子侨心连四海 同仇敌忾救中华（上）（铭记历史　警示未来）,2015-09-02,"郑潮炯,华侨,历史",22  
1804,高举中国特色社会主义伟大旗帜　开创中国妇女运动新局面,2010-03-01,"妇女,中国特色,社会主义",8  
1805,人民公仆　时代先锋（时代先锋）,2006-06-26,"时代先锋,郑培民,人民公仆",2  
1806,雪域高原的“光明使者”,2008-08-03,"雪域高原,赵秀玲,武警水电部队",3  
1807,"高举有中国特色社会主义的伟大旗帜
进一步开创妇女运动的新局面",1993-09-02,"中国特色社会主义,妇女,建设",1  
1808,人民的好卫士任长霞,2004-04-18,"任长霞,群众,郑州市公安局技术支队",1  
1809,凝聚女性力量 促进共同发展（权威论坛）,2018-05-30,"妇女,合作,代表",23  
1810,东方潮涌万象新（科学发展　成就辉煌）,2012-10-15,"科学发展,党员,基层党组织",1  
1811,富民固边 情满天山,2011-11-19,"空军驻疆部队,党员,富民固边",7  
1812,贴近实际 服务发展 确保创先争优活动取得实效,2011-04-12,"创先争优,群众,党员",16  
1813,何香凝——杰出的爱国者和革命家,1982-08-30,"廖仲恺,三大革命政策,谴责",5  
1814,深切的悼念,1992-07-19,"妇女工作,哀悼,妇女解放运动",5  
1815,在第六次全国妇女儿童工作会议上的讲话,2016-11-21,"妇女儿童工作委员会,演说,儿童事业发展",4  
1816,城市的性灵（观天下）,2015-12-10,"城市,历史,神话",24  
1817,首都举行盛大阅兵仪式和群众游行,2009-10-02,"群众游行,天安门广场,庆典",4  
1818,北京三十五中：特殊的教师节,2009-09-09,"教师节,研学课,学校",11  
1819,荆楚大地铸辉煌,2001-05-23,"济困,人口,荆楚",8  
1820,我国抗战文学中的爱国主义精神,1995-07-08,"中国,文学,爱国主义",6  
1821,立德铸魂 凝心聚力,2017-10-01,"文化,模范,典型",5  
1822,富民固边 情满天山,2011-11-19,"空军驻疆部队,党员,富民固边",1  
1823,人民公仆　时代先锋（时代先锋）,2006-06-26,"时代先锋,郑培民,人民公仆",1  
1824,思想政治工作新方式的探索与实践,2000-08-15,"思想政治工作,实践,文化",9  
1825,2014年中国国土绿化状况公报（摘要）,2015-03-12,"绿化,植树,工程",20  
1826,为革命理想而斗争,1986-06-03,"斗争,革命理想,中国人民抗日军政大学",4  
1827,一部书与一段历史,2013-12-21,"历史,航空,医学",12  
1828,荒滩绿柳,1989-10-06,"戴永昌,人武部,书记",8  
1829,牢记党和人民重托 忠实履行神圣使命,2007-07-24,"武警,官兵,忠实履行",13  
1830,众志成城战旱魔,2010-03-25,"群众,干旱,旱魔",5  
1831,不夜的香港,1997-07-01,"香港回归,庆典,京剧",5  
1832,农村题材电视剧需升级换代（文艺观象）,2015-02-03,"题材电视剧,农村题材,农民",14  
1833,争科学发展之先　创和谐社会之优,2010-11-23,"科学发展,党员,企业",8  
1834,凝心聚力谱新篇,2014-06-05,"贯彻,演说,中直机关",6  
1835,疏影,2000-05-09,"母亲,杜重远,通知",11  
1836,新“陋室铭”,1985-12-17,"住房,科学,上海能源研究所",3  
1837,骆驼上的笑声,1979-06-06,"乌兰图格大队支部,草原,青年",6  
1838,东方潮涌万象新（科学发展　成就辉煌）,2012-10-15,"科学发展,党员,基层党组织",18  
1839,手执金钥匙　打开宝库门,1989-10-04,"金川,生产,中国",5  
1840,文明营口：风劲正是扬帆时,2014-03-16,"文化,道德,城市",9  
1841,柔肩挑重担(记者调查),2008-10-07,"留守妇女,农村人口,打工",14  
1842,雪域高原的“光明使者”,2008-08-03,"雪域高原,赵秀玲,武警水电部队",1  
1843,在第五次全国妇女儿童工作会议上的讲话,2011-11-29,"妇女儿童,文化,权利",2  
1844,全国敬业奉献模范候选人,2011-05-31,"模范,陕西省华山气象站,于雪梅",28  
1845,关于支持和发展志愿服务组织的意见,2016-07-12,"志愿服务组织,建议,管理",15  
1846,为中美关系注入更多正能量（权威论坛）,2016-06-04,"中美关系,交流,合作",11  
1847,首都举行盛大阅兵仪式和群众游行,2009-10-02,"群众游行,天安门广场,庆典",1  
1848,100位新中国成立以来感动中国人物候选人事迹,2009-07-20,"陆建芬,牧场,群众",39  
1849,中国性别平等与妇女发展,2015-09-23,"性别平等,妇女发展,教育",22  
1850,中国性别平等与妇女发展状况,2005-08-25,"妇女发展,性别平等,权利",7  
1851,中国妇女的状况,1994-06-03,"妇女,权利,法律",1  
1852,中国妇女的状况,1994-06-03,"妇女,权利,法律",3  
1853,中华人民共和国执行《提高妇女地位内罗毕前瞻性战略》国家报告,1994-10-11,"妇女,国家战略,权利",3  
1854,中华人民共和国执行《提高妇女地位内罗毕前瞻性战略》国家报告,1994-10-11,"妇女,国家战略,权利",1  
1855,全国助人为乐模范候选人,2015-06-24,"模范,姚贝娜,高宝华",9  
1856,全国人民电贺党的三十周年（之四）,1951-09-29,"小学,学生,沅县立一完小",8  
1857,繁荣民族文化　振兴系列艺术,1990-12-20,"艺术,民族文化,京剧",5  
1858,全国助人为乐模范候选人,2009-06-19,"助人为乐模范,黄久生,康金环",22  
1859,加强改进新形势下国企思想政治工作,2011-03-01,"国有企业,思想政治工作,形势",6  
1860,加强改进新形势下国企思想政治工作,2011-03-01,"国有企业,思想政治工作,形势",1  
1861,正确认识中国抗日战争史三个重大问题,2015-08-15,"抗日战争,交战,战略",6  
1862,第五届全国道德模范提名奖名单（共265名）,2015-10-14,"商贸有限公司监事会,甘肃省嘉峪关市酒钢三中,社区",4  
1863,布尔什维克的思想者,1999-10-19,"思想,布尔什维克,市场经济",12  
1864,用“四个意识”凝聚继续前进的强大力量,2016-10-19,"“四个意识”,政治,党员",9  
1865,全国诚实守信模范候选人,2009-06-19,"模范,彩票,韩惠民",35  
1866,热爱祖国 播洒母爱 珍爱家庭 崇尚科学,2001-02-17,"科学,母亲,汉族",7  
1867,彻底砸烂中国赫鲁晓夫篡党复辟的黑碑——批判陈登科的反动小说《风雷》,1968-07-08,"《风雷》,故事,陈登科",3  
1868,龙种与跳蚤〔报告文学〕,1988-05-29,"领导干部,报告文学,李伟峰",5  
1869,揭开“国防戏剧”的反动本质,1967-11-02,"“国防戏剧”,文艺,国民党",4  
1870,第五届全国道德模范提名奖名单（共265名）,2015-10-14,"商贸有限公司监事会,甘肃省嘉峪关市酒钢三中,社区",6  
1871,德耀中华第六届全国道德模范候选人事迹(上),2017-07-24,"道德模范,汉族,候选人",19  
1872,全国敬业奉献模范候选人,2015-06-24,"肉孜麦麦提·巴克,模范,党员",20  
1873,100位新中国成立以来感动中国人物候选人事迹,2009-07-20,"湖北省交通规划设计院党委,群众,党员",40  
1874,全国优秀共产党员公示内容,2006-06-16,"优秀共产党员,群众,书记",7  
1875,第五届“人民满意的公务员”和“人民满意的公务员集体”候选对象,2001-08-23,"“人民满意的公务员”,公务员集体,河北省乐亭县公安局",6  
1876,纪念中国共产党成立80周年,2001-06-20,"金融,系统,纪念",12  
1877,全国助人为乐模范候选人,2015-06-24,"模范,汉族,张景兰",8  
1878,德耀中华第六届全国道德模范候选人事迹(上),2017-07-24,"道德模范,首嫣嫣,官华见",13  
1879,南水北调进行时（报告文学）（党旗礼赞）,2011-07-13,"南水北调,移民,水利工程",24  
1880,全国诚实守信模范候选人,2011-05-31,"模范,大型企业,广西壮族自治区梧州中恒集团",24  
1881,全国诚实守信模范候选人,2011-05-31,"模范,烈士,候选人",23  
1882,全国助人为乐模范候选人,2011-05-31,"模范,助人为乐,孙茂芳",10  
1883,走向新的道路上去寻求发展 ——悼戏曲艺术革新家梅兰芳同志,1961-08-30,"戏曲艺术,人物,思想",7  
1884,淡泊名利 无私奉献 爱岗敬业 真诚为民,2008-08-30,"海军总医院,母亲,海军后勤部",7  
1885,全国敬业奉献模范候选人,2015-06-24,"模范,苗苗,杨元松",21  
1886,全国敬业奉献模范候选人,2009-06-19,"模范,邢贵彬,江勇西绕",38  
1887,全国诚实守信模范候选人,2013-07-16,"模范,企业,郑冬花",18  
1888,树立社会主义荣辱观 构建社会主义和谐社会,2006-09-12,"社会主义,道德,建设",14  
1889,树立社会主义荣辱观 构建社会主义和谐社会,2006-09-12,"社会主义,道德,建设",14  
1890,忠实捍卫万里海疆的深蓝利剑,2018-07-31,"海口市民政局,中国,官兵",16  
1891,全国助人为乐模范候选人,2011-05-31,"模范,助人为乐,赞助",14  
1892,全国敬业奉献模范候选人,2011-05-31,"王争艳,西安铁路局西安客运段,创新",29  
1893,全民科学素质行动计划纲要,2006-03-21,"科学素质,纲要,规划",8  
1894,女飞行员〔五幕六场话剧〕,1965-03-08,"教师,飞行员,林雪征",6  
1895,全国敬业奉献模范候选人,2015-06-24,"模范,党员,王立喜",24  
1896,全国敬业奉献模范候选人,2009-06-19,"模范,冯建国,向军华",37  
1897,“三北”造林记,2013-09-26,"三北,造林,沙漠化",14  
1898,全国敬业奉献模范候选人,2011-05-31,"模范,敬业奉献,赵世术",33  
1899,全国助人为乐模范候选人,2011-05-31,"模范,阿尼帕·阿,阿里木江·哈力克",12  
1900,激越的时代凯歌 ——谈刘白羽的报告文学作品,1960-12-07,"报告文学作品,革命,斗争",7  
1901,全国敬业奉献模范候选人,2009-06-19,"模范,李群生,李朗红",39  
1902,全国诚实守信模范候选人,2009-06-19,"模范,刘继平,刘延宝",31  
1903,全国见义勇为模范候选人,2009-06-19,"模范,王灿云,丘万超",24  
1904,中共中央国务院关于实施乡村振兴战略的意见,2018-02-05,"乡村振兴,战略,实施乡村",2  
1905,中共中央国务院关于实施乡村振兴战略的意见,2018-02-05,"乡村振兴,战略,实施乡村",1  
1906,中国的人力资源状况,2010-09-13,"人力资源,劳动者权益保护,市场",16  
1907,第八届全国“人民满意的公务员”和“人民满意的公务员集体”候选对象,2013-11-29,"“人民满意的公务员”,河北省武安市公安局党委,群众",19  
1908,第八届全国“人民满意的公务员”和“人民满意的公务员集体”候选对象,2013-11-29,"“人民满意的公务员”,河北省武安市公安局党委,群众",20  
1909,中国的人力资源状况,2010-09-13,"人力资源,劳动者权益保护,市场",15  
1910,中共中央国务院关于实施乡村振兴战略的意见,2018-02-05,"乡村振兴,战略,实施乡村",4  
1911,全国教书育人楷模候选人事迹简介,2010-08-08,"教师节,学生,教书育人",7  
1912,致以共和国的敬礼！,2012-05-28,"战士,兵团,建设",23  
1913,全国优秀农民工名单,2008-11-20,"北京双业盛防腐制品有限公司,北京建昌矿业有限责任公司,山西易通建筑劳务有限公司",6  
1914,第十二届全国见义勇为英雄模范候选人事迹公示,2014-04-03,"见义勇为,汉族,谢明崇",12  
1915,第十二届全国见义勇为英雄模范候选人事迹公示,2014-04-03,"见义勇为,汉族,谢明崇",11  
1916,致以共和国的敬礼！,2012-05-28,"战士,兵团,历史",22  
1917,全国优秀农民工名单,2008-11-20,"北京双业盛防腐制品有限公司,北京建昌矿业有限责任公司,山西易通建筑劳务有限公司",7  
1918,夏衍同志作品中的资产阶级思想,1966-04-01,"人性论,资产阶级民主,思想",5  
1919,全国教书育人楷模候选人事迹简介,2010-08-08,"教师节,学生,教书育人",6  
1920,第四届全国文明城市（区）、文明村镇、文明单位名单,2015-03-01,"北京古船食品有限公司,北京公交客六分公司,国网北京朝阳供电公司",7  
1921,第四届全国文明城市（区）、文明村镇、文明单位名单,2015-03-01,"北京古船食品有限公司,北京公交客六分公司,国网北京朝阳供电公司",5  
1922,第四届全国文明城市（区）、文明村镇、文明单位名单,2015-03-01,"北京古船食品有限公司,北京公交客六分公司,国网北京朝阳供电公司",6  
